k,draw,n_recal_windows,platt_fell_back,ece_P3,citl_P3,ece_P4,citl_P4,ece_P4-int,citl_P4-int,acc_err_P3_0.10,review_P3_0.10,infeasible_P3_0.10,acc_err_P4_0.10,review_P4_0.10,infeasible_P4_0.10,plugin_acc_err_P3_0.10,plugin_review_P3_0.10,plugin_acc_err_P4_0.10,plugin_review_P4_0.10,plugin_acc_err_P4-int_0.10,plugin_review_P4-int_0.10,acc_err_P3_0.20,review_P3_0.20,infeasible_P3_0.20,acc_err_P4_0.20,review_P4_0.20,infeasible_P4_0.20,plugin_acc_err_P3_0.20,plugin_review_P3_0.20,plugin_acc_err_P4_0.20,plugin_review_P4_0.20,plugin_acc_err_P4-int_0.20,plugin_review_P4-int_0.20,acc_err_P3_0.30,review_P3_0.30,infeasible_P3_0.30,acc_err_P4_0.30,review_P4_0.30,infeasible_P4_0.30,plugin_acc_err_P3_0.30,plugin_review_P3_0.30,plugin_acc_err_P4_0.30,plugin_review_P4_0.30,plugin_acc_err_P4-int_0.30,plugin_review_P4-int_0.30
2,0,49,False,0.049589,-0.014789,0.068365,0.064673,0.053534,0.043672,0.069565,0.90344,False,,1,True,0.05,0.98321,0.060606,0.91688,,1,0.25434,0.46851,False,,1,True,0.15318,0.70949,0.16535,0.6801,0.083799,0.84971,0.35375,0.15029,False,0.27542,0.40554,False,0.30097,0.30814,0.27168,0.41898,0.23457,0.52393
2,1,43,False,0.049998,-0.014573,0.054194,0.05381,0.067849,0.053627,0.059829,0.90226,False,,1,True,0.047619,0.98246,0,0.9858,,1,0.25194,0.46282,False,,1,True,0.15084,0.70092,0.11905,0.78947,0.072289,0.86132,0.35231,0.14871,False,,1,True,0.30119,0.29825,0.25282,0.4812,0.21996,0.54804
2,2,48,False,0.044779,-0.0097462,0.26059,0.23497,0.16945,0.16875,0.057377,0.89765,False,,1,True,0.045455,0.98154,,1,,1,0.24424,0.45386,False,,1,True,0.15068,0.69379,,1,0,0.98322,0.34249,0.14513,False,,1,True,0.29329,0.28775,,1,0.074468,0.84228
2,3,52,False,0.055768,-0.021047,0.1262,-0.11662,0.11517,-0.10549,0.067797,0.90067,False,,1,True,0.047619,0.98232,0.22011,0.5564,0.065693,0.88468,0.25938,0.46128,False,0.34241,0.19613,False,0.15686,0.69949,0.34141,0.20118,0.28312,0.39646,0.35996,0.14646,False,0.37124,0.10438,False,0.30788,0.29461,0.41498,0,0.40429,0.01936
2,4,40,False,0.051966,-0.017279,0.08779,-0.017129,0.058297,-0.025807,0.066116,0.89917,False,,1,True,0.047619,0.9825,0.16788,0.6575,0.038462,0.97833,0.25665,0.4675,False,,1,True,0.15833,0.7,0.28533,0.38083,0.1641,0.675,0.35679,0.1475,False,0.34259,0.19,False,0.30595,0.3,0.35105,0.16917,0.31321,0.26833
2,5,40,False,0.050222,-0.017187,0.052674,-0.019044,0.051896,-0.022886,0.057851,0.89917,False,,1,True,0.045455,0.98167,0,0.9925,0.038462,0.97833,0.25499,0.4575,False,,1,True,0.1547,0.69833,0.13836,0.735,0.15445,0.68167,0.35409,0.14333,False,,1,True,0.30189,0.29333,0.29639,0.30833,0.30549,0.27167
2,6,46,False,0.049085,-0.014847,0.082812,0.04622,0.0578,0.046498,0.059829,0.90201,False,,1,True,0,0.98492,,1,,1,0.25039,0.46482,False,,1,True,0.15341,0.70519,0.043478,0.98074,0.073034,0.85092,0.35294,0.14573,False,,1,True,0.29736,0.30151,0.15186,0.70771,0.22954,0.52931
2,7,36,False,0.051191,-0.015849,0.10636,0.060738,0.044915,0.019384,0.057377,0.89867,False,,1,True,0.045455,0.98173,,1,0,0.99585,0.25076,0.45681,False,,1,True,0.15342,0.69684,,1,0.11508,0.7907,0.35362,0.14037,False,,1,True,0.30094,0.2907,0.051095,0.88621,0.26225,0.42359
2,8,42,False,0.052096,-0.018503,0.053062,-0.034493,0.078396,-0.067609,0.063063,0.90735,False,,1,True,0,0.98331,0.092896,0.84725,0.028986,0.9424,0.25873,0.47412,False,0.33548,0.2212,False,0.15294,0.71619,0.25333,0.49917,0.22453,0.5576,0.36024,0.15192,False,0.36469,0.1394,False,0.30329,0.31469,0.34738,0.18781,0.3668,0.13523
2,9,52,False,0.047031,-0.0082899,0.21158,0.21115,0.19883,0.19782,0.057851,0.89815,False,,1,True,0.045455,0.98148,,1,,1,0.24341,0.45707,False,,1,True,0.15152,0.69444,,1,0,0.99411,0.34415,0.14394,False,,1,True,0.29433,0.28788,0.043478,0.98064,0.054688,0.89226
2,10,37,False,0.046411,-0.015501,0.14181,0.050287,0.039029,0.029909,0.066116,0.89942,False,,1,True,0.045455,0.98171,0.20964,0.60349,0,0.99834,0.25466,0.46467,False,,1,True,0.15877,0.70158,0.27479,0.41313,0.10909,0.81712,0.35357,0.15129,False,0.30425,0.2951,False,0.30285,0.30008,0.31089,0.25935,0.25392,0.46966
2,11,34,False,0.052568,-0.020704,0.19737,-0.18929,0.14542,-0.14465,0.066116,0.89967,False,,1,True,0.045455,0.98176,0.32026,0.23881,0.11694,0.79436,0.25841,0.45771,False,,1,True,0.15702,0.699,0.39794,0.033167,0.3222,0.23051,0.35977,0.14262,False,0.38704,0.053068,False,0.30832,0.2927,0.41376,0,0.41376,0
2,12,30,False,0.052295,-0.016578,0.046905,0.010789,0.04258,-0.0050233,0.066116,0.9,False,,1,True,0.045455,0.98182,0.065359,0.87355,0,0.98678,0.25426,0.46694,False,,1,True,0.15363,0.70413,0.21022,0.57934,0.13793,0.73636,0.35694,0.14793,False,,1,True,0.30285,0.30413,0.30662,0.28843,0.29204,0.34628
2,13,40,False,0.050222,-0.017187,0.052674,-0.019044,0.051896,-0.022886,0.057851,0.89917,False,,1,True,0.045455,0.98167,0,0.9925,0.038462,0.97833,0.25499,0.4575,False,,1,True,0.1547,0.69833,0.13836,0.735,0.15445,0.68167,0.35409,0.14333,False,,1,True,0.30189,0.29333,0.29639,0.30833,0.30549,0.27167
2,14,41,False,0.050861,-0.016713,0.052317,-0.0073508,0.046994,-0.0084885,0.066116,0.89908,False,,1,True,0.047619,0.98249,,1,0,0.98582,0.25077,0.46122,False,,1,True,0.15235,0.69892,0.098592,0.82235,0.13814,0.72227,0.35421,0.14762,False,,1,True,0.30213,0.29608,0.27724,0.39533,0.29208,0.32611
2,15,44,False,0.050136,-0.015927,0.058599,0.020815,0.040611,0.013287,0.058333,0.89967,False,,1,True,0.045455,0.98161,,1,0,0.99331,0.25231,0.45652,False,,1,True,0.1511,0.69565,0.052632,0.8888,0.1194,0.77592,0.35191,0.14465,False,,1,True,0.30106,0.29181,0.2313,0.51923,0.27197,0.4005
2,16,49,False,0.043619,-0.010935,0.15033,0.14816,0.13486,0.13444,0.065041,0.89673,False,,1,True,0.045455,0.98153,,1,,1,0.24769,0.45424,False,,1,True,0.15489,0.69102,0,0.99916,0.066667,0.96222,0.34608,0.14358,False,,1,True,0.29612,0.28547,0.064286,0.88245,0.12274,0.76742
2,17,33,False,0.051328,-0.019265,0.10746,-0.1064,0.11491,-0.10635,0.066667,0.90058,False,,1,True,0.045455,0.98177,0.12554,0.80862,0.0625,0.8807,0.25732,0.4623,False,,1,True,0.15877,0.70257,0.29639,0.33471,0.28202,0.39188,0.35603,0.1483,False,0.37534,0.079536,False,0.30615,0.29909,0.40588,0.014085,0.40488,0.015742
2,18,45,False,0.046525,-0.0071156,0.29609,0.28285,0.25752,0.25726,0.057851,0.89874,False,,1,True,0.045455,0.98159,,1,,1,0.24186,0.46025,False,,1,True,0.14641,0.69707,,1,,1,0.34118,0.14644,False,,1,True,0.29063,0.29456,,1,0.051282,0.96736
2,19,43,False,0.05408,-0.017835,0.055575,-0.036926,0.063409,-0.040303,0.067227,0.90058,False,,1,True,0.045455,0.98162,0.041096,0.93901,0.051282,0.96742,0.25469,0.46533,False,,1,True,0.15014,0.7051,0.20582,0.59816,0.18391,0.63659,0.35665,0.15205,False,0.33369,0.21387,False,0.30419,0.30242,0.33439,0.21303,0.33226,0.22055
2,20,47,False,0.044543,-0.013095,0.09535,0.062819,0.08639,0.085618,0.066116,0.89858,False,,1,True,0.045455,0.98156,0.125,0.75859,,1,0.25311,0.46018,False,,1,True,0.15746,0.69656,0.23292,0.52137,0.0625,0.90612,0.35196,0.14501,False,,1,True,0.3013,0.29338,0.29325,0.31685,0.17757,0.64124
2,21,36,False,0.049866,-0.017893,0.076481,-0.032785,0.065689,-0.048952,0.067227,0.90116,False,,1,True,0.045455,0.98173,0.1589,0.69684,0.06,0.95847,0.25661,0.46595,False,,1,True,0.15789,0.70017,0.28514,0.38538,0.20459,0.60216,0.35582,0.15033,False,0.31991,0.23671,False,0.30486,0.29983,0.35645,0.1495,0.34286,0.18605
2,22,59,False,0.050175,-0.018179,0.11682,0.01697,0.056817,-0.038101,0.072072,0.90601,False,0.17468,0.66554,False,0.05,0.98307,0.2,0.64014,0.060606,0.97206,0.26164,0.47248,False,0.32082,0.25572,False,0.15976,0.7138,0.28264,0.40982,0.18337,0.65368,0.36028,0.15157,False,0.38017,0.0779,False,0.3058,0.31329,0.33297,0.22693,0.32481,0.23878
2,23,39,False,0.054363,-0.016212,0.06214,-0.0011284,0.048768,0.0078369,0.067797,0.90175,False,,1,True,0.045455,0.98168,,1,0,0.99167,0.25235,0.46878,False,,1,True,0.14689,0.70525,0.077348,0.84929,0.11232,0.77019,0.35588,0.15071,False,0.30626,0.28226,False,0.3018,0.30475,0.26339,0.44047,0.27785,0.39467
2,24,37,False,0.048417,-0.020304,0.10839,-0.091568,0.1454,-0.14472,0.069565,0.90441,False,0.26115,0.47797,False,0.047619,0.98254,0.21472,0.59352,0.12185,0.80216,0.26183,0.47298,False,0.37231,0.11139,False,0.15954,0.70823,0.31834,0.26101,0.3219,0.24855,0.36008,0.15046,False,0.37231,0.11139,False,0.30602,0.31006,0.39705,0.043225,0.41812,0
2,25,44,False,0.048948,-0.01069,0.19997,0.19059,0.16797,0.1664,0.058333,0.89967,False,,1,True,0.05,0.98328,,1,,1,0.24417,0.46237,False,,1,True,0.14681,0.69816,,1,0,0.98411,0.34638,0.14548,False,,1,True,0.29502,0.29431,,1,0.074468,0.84281
2,26,48,False,0.056027,-0.019509,0.12971,-0.10423,0.091754,-0.081442,0.067227,0.90017,False,,1,True,0.05,0.98322,,1,0.06383,0.92114,0.25556,0.47148,False,,1,True,0.15297,0.70386,0.16377,0.66191,0.24791,0.49916,0.35905,0.15185,False,0.38169,0.074664,False,0.30508,0.30705,0.39633,0.041107,0.37753,0.088926
2,27,38,False,0.052826,-0.018026,0.096045,-0.038944,0.064617,-0.05113,0.066667,0.90017,False,,1,True,0.05,0.98336,,1,0.061224,0.95923,0.25232,0.46256,False,,1,True,0.1547,0.69884,0.041096,0.93927,0.20859,0.59318,0.3538,0.14642,False,,1,True,0.30342,0.29534,0.26977,0.41098,0.34441,0.17388
2,28,34,False,0.052978,-0.018451,0.081742,-0.07218,0.080329,-0.07142,0.066667,0.9005,False,,1,True,0.045455,0.98176,0.06383,0.92206,0.060976,0.93201,0.25578,0.46186,False,,1,True,0.1547,0.69983,0.24027,0.50995,0.23345,0.52405,0.355,0.14511,False,,1,True,0.30471,0.29519,0.36774,0.10033,0.36608,0.10531
2,29,43,False,0.04578,-0.0149,0.052817,0.01075,0.051026,0.041054,0.066116,0.89891,False,,1,True,0.045455,0.98162,0.10427,0.82373,,1,0.25231,0.45698,False,,1,True,0.15746,0.69758,0.23171,0.52047,0.091837,0.83626,0.35127,0.1462,False,,1,True,0.30235,0.28989,0.3095,0.2523,0.23873,0.49958
2,30,57,False,0.044894,-0.0078026,0.15497,0.15497,0.19113,0.19019,0.058824,0.89941,False,,1,True,0.045455,0.9814,0.04902,0.91378,,1,0.24649,0.45816,False,,1,True,0.15599,0.69653,0.14331,0.73457,0,0.99155,0.34585,0.14455,False,,1,True,0.29608,0.2891,0.21835,0.53931,0.056738,0.88081
2,31,41,False,0.053651,-0.020738,0.15212,-0.14252,0.13744,-0.13564,0.067797,0.90158,False,,1,True,0.047619,0.98249,0.061856,0.9191,0.10798,0.82235,0.25669,0.47039,False,0.346,0.18766,False,0.15449,0.70309,0.29625,0.33278,0.31047,0.28274,0.35945,0.14846,False,0.40411,0.025855,False,0.30612,0.30525,0.41701,0,0.41701,0
2,32,43,False,0.058481,-0.02018,0.15676,-0.15676,0.12032,-0.11277,0.068966,0.90309,False,,1,True,0.045455,0.98162,,1,0.071429,0.87135,0.25314,0.46867,False,,1,True,0.1453,0.70677,,1,0.28571,0.37427,0.3589,0.15038,False,0.40395,0.025898,False,0.30409,0.30493,0.41688,0,0.41246,0.0075188
2,33,41,False,0.056488,-0.023924,0.22895,-0.22895,0.22981,-0.22981,0.059322,0.90158,False,,1,True,0.05,0.98332,0.22263,0.55046,0.25625,0.46622,0.25776,0.46289,False,0.41722,0.0025021,False,0.15493,0.70392,0.41868,0,0.41868,0,0.36266,0.14679,False,0.41722,0.0025021,False,0.30751,0.30025,0.41868,0,0.41868,0
2,34,53,False,0.047098,-0.014015,0.12416,0.078381,0.064544,0.055214,0.067797,0.90059,False,,1,True,0.045455,0.98147,0.15543,0.71272,,1,0.25434,0.46672,False,,1,True,0.16056,0.70093,0.24103,0.50716,0.079268,0.86184,0.35253,0.15164,False,0.27793,0.3968,False,0.30277,0.3016,0.29109,0.32856,0.21887,0.5535
2,35,44,False,0.048065,-0.01307,0.12054,0.11179,0.099807,0.099528,0.051282,0.90217,False,,1,True,0.047619,0.98244,,1,,1,0.24923,0.45652,False,,1,True,0.15084,0.70067,0,0.99916,0.044944,0.92559,0.34897,0.14465,False,,1,True,0.29905,0.29264,0.065868,0.86037,0.15467,0.68645
2,36,33,False,0.049756,-0.013522,0.15972,0.15972,0.10812,0.10765,0.067227,0.90141,False,,1,True,0.045455,0.98177,0.0625,0.8807,,1,0.25039,0.47059,False,,1,True,0.15126,0.70423,0.15126,0.70423,0.04,0.93786,0.35254,0.15162,False,,1,True,0.29785,0.30737,0.22968,0.53107,0.14783,0.71417
2,37,36,False,0.054998,-0.017813,0.09905,-0.06552,0.066524,-0.0498,0.068376,0.90282,False,,1,True,0.05,0.98339,,1,0.06383,0.96096,0.25273,0.46761,False,,1,True,0.14731,0.70681,0.13548,0.74252,0.20085,0.60714,0.35777,0.15033,False,0.39058,0.047342,False,0.3018,0.30648,0.34327,0.19186,0.34289,0.18854
2,38,49,False,0.052974,-0.015687,0.096763,0.028294,0.045948,0.01865,0.058824,0.90008,False,,1,True,0.045455,0.98153,,1,0,0.99496,0.24883,0.46012,False,,1,True,0.14566,0.70025,,1,0.10484,0.79177,0.35172,0.14777,False,,1,True,0.30036,0.29555,0.067901,0.86398,0.26131,0.42485
2,39,44,False,0.052668,-0.018796,0.11226,-0.046133,0.080774,-0.070293,0.070175,0.90468,False,,1,True,0.05,0.98328,0.22328,0.56187,0.041096,0.93896,0.26025,0.4699,False,0.33546,0.21488,False,0.15607,0.7107,0.30861,0.301,0.23358,0.54181,0.36016,0.14799,False,0.40763,0.013378,False,0.30556,0.30769,0.37041,0.11288,0.36882,0.1204
2,40,36,False,0.053343,-0.020042,0.12472,-0.11903,0.12514,-0.11847,0.067227,0.90116,False,,1,True,0.045455,0.98173,0.077348,0.84967,0.075145,0.85631,0.25499,0.4593,False,,1,True,0.15235,0.70017,0.29317,0.3314,0.29323,0.33721,0.35783,0.1412,False,0.37364,0.086379,False,0.30552,0.29319,0.41279,0,0.41279,0
2,41,49,False,0.055773,-0.020147,0.11337,-0.10601,0.10283,-0.094713,0.067227,0.90008,False,,1,True,0.05,0.98321,0.1641,0.67254,0.067797,0.90092,0.25697,0.4576,False,,1,True,0.15406,0.70025,0.31357,0.26364,0.26497,0.43913,0.35953,0.14526,False,0.39705,0.033585,False,0.30595,0.29471,0.40612,0.011755,0.39317,0.041142
2,42,36,False,0.048047,-0.01851,0.16249,0.030411,0.084296,-0.076394,0.069565,0.90449,False,,1,True,0.045455,0.98173,0.22948,0.55482,0.068966,0.92774,0.25943,0.47176,False,0.33511,0.21927,False,0.16147,0.70681,0.29139,0.37292,0.24655,0.51827,0.3591,0.15116,False,0.37269,0.099668,False,0.30445,0.3098,0.33154,0.22841,0.37188,0.10216
2,43,39,False,0.050814,-0.018503,0.10005,-0.075758,0.077842,-0.067382,0.067797,0.90175,False,,1,True,0.045455,0.98168,0,0.99584,0.040541,0.93838,0.25352,0.46794,False,,1,True,0.15966,0.70275,0.16585,0.65862,0.22569,0.54621,0.35714,0.14904,False,0.38767,0.054954,False,0.30263,0.30391,0.36433,0.13156,0.36546,0.12739
2,44,39,False,0.050308,-0.018098,0.12934,-0.0063152,0.06446,-0.05318,0.066116,0.89925,False,,1,True,0.047619,0.98251,0.22433,0.56203,0.056604,0.95587,0.25822,0.46794,False,0.31343,0.27477,False,0.15966,0.70275,0.29709,0.34138,0.21311,0.59367,0.35784,0.15071,False,0.36442,0.13405,False,0.30742,0.30391,0.35081,0.17402,0.35051,0.17569
2,45,46,False,0.048412,-0.0090133,0.24733,0.2355,0.20644,0.20541,0.057851,0.89866,False,,1,True,0.045455,0.98157,,1,,1,0.24186,0.4598,False,,1,True,0.14681,0.69765,,1,0,0.99749,0.34476,0.14489,False,,1,True,0.293,0.29397,,1,0.052632,0.90452
2,46,48,False,0.047132,-0.013095,0.088709,0.086926,0.087112,0.086362,0.059322,0.90101,False,,1,True,0.047619,0.98238,,1,,1,0.24845,0.45973,False,,1,True,0.15278,0.69799,0.049505,0.91527,0.054545,0.90772,0.34971,0.14597,False,,1,True,0.29775,0.29279,0.16505,0.65436,0.17217,0.6443
2,47,36,False,0.048272,-0.013588,0.19015,0.16768,0.092616,0.092233,0.057377,0.89867,False,,1,True,0.045455,0.98173,,1,,1,0.25076,0.45349,False,,1,True,0.15259,0.69518,,1,0.049505,0.91611,0.34918,0.14369,False,,1,True,0.30035,0.28654,,1,0.16176,0.66113
2,48,50,False,0.049024,-0.017487,0.081468,0.018814,0.055824,-0.026783,0.070796,0.90504,False,0.21268,0.58908,False,0.05,0.98319,0.14381,0.74874,0.04,0.97899,0.25914,0.47143,False,0.28063,0.41008,False,0.15743,0.71176,0.2589,0.48067,0.168,0.68487,0.3587,0.14958,False,0.39439,0.041176,False,0.30281,0.31176,0.31561,0.25714,0.31163,0.27731
2,49,49,False,0.044151,-0.0083232,0.17435,0.17224,0.21107,0.20967,0.059322,0.90092,False,,1,True,0.045455,0.98153,0.098039,0.82872,,1,0.24922,0.46096,False,,1,True,0.15642,0.69941,0.16748,0.65407,0,0.99832,0.34612,0.1461,False,,1,True,0.2981,0.29303,0.2404,0.49706,0.047619,0.91184
5,0,98,False,0.052187,-0.02219,0.081774,-0.074746,0.081395,-0.074946,0.072727,0.90368,False,0.16571,0.69352,False,0.0625,0.98599,0.055556,0.93695,0.043478,0.93958,0.25581,0.47285,False,0.21308,0.58494,False,0.16012,0.71016,0.23164,0.53503,0.23106,0.53765,0.36223,0.15149,False,0.41087,0.017513,False,0.30241,0.31086,0.37251,0.12084,0.37251,0.12084
5,1,91,False,0.051388,-0.0093324,0.095648,0.094867,0.094458,0.093576,0.067797,0.8973,False,,1,True,0.047619,0.98172,0,0.99913,,1,0.24593,0.46562,False,,1,True,0.14697,0.698,0.067073,0.85727,0.06,0.91297,0.34765,0.14883,False,0.13772,0.70931,False,0.29602,0.30026,0.19612,0.59617,0.15736,0.65709
5,2,106,False,0.05187,-0.019891,0.050133,-0.041574,0.062151,-0.040041,0.072727,0.903,False,,1,True,0.05,0.98236,0.068376,0.89683,0.058824,0.97002,0.2541,0.46208,False,0.21109,0.58642,False,0.1543,0.70282,0.2283,0.53263,0.17848,0.63933,0.35751,0.14903,False,0.32917,0.2231,False,0.30326,0.2963,0.34694,0.17901,0.32956,0.22134
5,3,115,False,0.046897,-0.020661,0.072622,-0.046223,0.065461,-0.045286,0.068966,0.89689,False,0.18434,0.648,False,0.047619,0.98133,0.14887,0.72533,0.075,0.96444,0.26159,0.46311,False,0.29296,0.36889,False,0.16279,0.69422,0.28634,0.38844,0.20561,0.61956,0.359,0.14578,False,0.34599,0.18044,False,0.30895,0.29511,0.36336,0.13156,0.33669,0.20533
5,4,117,False,0.055212,-0.018497,0.038642,-0.0020719,0.050966,-0.022065,0.07,0.91095,False,0.12207,0.81033,False,0,0.98397,0.069565,0.8976,0,0.98219,0.25856,0.47996,False,0.22269,0.57614,False,0.15309,0.72663,0.21239,0.59751,0.15723,0.71683,0.36316,0.15405,False,0.38155,0.082814,False,0.29934,0.32769,0.30952,0.2894,0.30649,0.31434
5,5,115,False,0.042588,-0.0076899,0.094503,0.090876,0.091891,0.090069,0.058824,0.89422,False,,1,True,0.045455,0.98044,,1,,1,0.24183,0.456,False,,1,True,0.15864,0.68622,0.050505,0.912,0.053571,0.90044,0.34096,0.14489,False,0.20697,0.56622,False,0.28784,0.28356,0.16708,0.64356,0.17661,0.62756
5,6,88,False,0.0547,-0.019561,0.064552,-0.044676,0.065488,-0.044486,0.070175,0.90104,False,,1,True,0.05,0.98264,0.057143,0.96962,0.078947,0.96701,0.25366,0.46615,False,0.15512,0.68663,False,0.15294,0.70486,0.18957,0.63368,0.19393,0.62847,0.3589,0.15104,False,0.34409,0.19271,False,0.30299,0.30382,0.33481,0.21441,0.33517,0.21267
5,7,99,False,0.045014,-0.016518,0.03541,-0.0070642,0.045846,-0.0011526,0.060345,0.89833,False,,1,True,0.047619,0.9816,0.029412,0.9404,0,0.98773,0.25563,0.45486,False,0.25043,0.48554,False,0.16046,0.69413,0.1844,0.62927,0.14381,0.73795,0.35204,0.1411,False,0.29658,0.3085,False,0.30381,0.28747,0.30351,0.2752,0.28877,0.34443
5,8,127,False,0.044607,-0.013727,0.056741,0.028094,0.043085,0.025889,0.063063,0.90027,False,0.17448,0.65499,False,0.05,0.98203,0.088235,0.84726,0,0.9973,0.25503,0.46451,False,0.22041,0.55975,False,0.16216,0.70081,0.22222,0.56334,0.12903,0.80503,0.34963,0.15454,False,0.28984,0.34591,False,0.30167,0.30009,0.30128,0.29919,0.26059,0.44834
5,9,93,False,0.057787,-0.02485,0.12647,-0.11895,0.12545,-0.11423,0.059829,0.89799,False,,1,True,0.052632,0.98344,0.066667,0.96077,0.055556,0.87446,0.25914,0.47515,False,0.25901,0.49172,False,0.15789,0.70183,0.26151,0.46992,0.29041,0.39058,0.36438,0.14821,False,0.41208,0.018309,False,0.30895,0.30863,0.41842,0.0061029,0.41327,0.014821
5,10,110,False,0.04999,-0.013113,0.052833,0.036619,0.049192,0.036284,0.061947,0.9,False,,1,True,0,0.98407,,1,,1,0.24547,0.46283,False,0.16452,0.65575,False,0.14749,0.7,0.075472,0.85929,0.091371,0.82566,0.34932,0.15133,False,0.22617,0.52655,False,0.29611,0.29469,0.22868,0.51239,0.2466,0.47965
5,11,114,False,0.051976,-0.019726,0.069036,-0.025845,0.05758,-0.03553,0.070175,0.89876,False,0.14332,0.72735,False,0.052632,0.98313,0.13406,0.75488,0.034483,0.97425,0.26094,0.47247,False,0.26721,0.45826,False,0.15929,0.69893,0.2733,0.43783,0.17602,0.65187,0.36013,0.1492,False,0.34581,0.19361,False,0.30995,0.30373,0.34995,0.18028,0.32353,0.24512
5,12,105,False,0.054549,-0.021809,0.082052,-0.067522,0.073022,-0.063368,0.072727,0.90308,False,0.2297,0.55507,False,0.05,0.98238,0.14618,0.7348,0.052632,0.94978,0.26316,0.46432,False,0.31334,0.28018,False,0.15916,0.70661,0.29558,0.36211,0.22587,0.57093,0.36082,0.14537,False,0.36677,0.1304,False,0.30818,0.29956,0.37476,0.092511,0.3612,0.14626
5,13,107,False,0.055715,-0.017638,0.043164,-0.014857,0.050285,-0.013866,0.070796,0.90026,False,,1,True,0.055556,0.98411,0.067416,0.92145,0,0.98588,0.25123,0.46249,False,0.15407,0.69638,False,0.15089,0.70168,0.19694,0.59665,0.14154,0.71315,0.35818,0.1474,False,0.31776,0.24448,False,0.30402,0.29744,0.31523,0.25243,0.29872,0.31156
5,14,109,False,0.054408,-0.023088,0.09064,-0.075048,0.085243,-0.07596,0.0625,0.90097,False,0.12351,0.77807,False,0.047619,0.98143,0.083333,0.85146,0.064935,0.93192,0.26194,0.46331,False,0.26814,0.43943,False,0.16012,0.70734,0.2707,0.44474,0.23719,0.53404,0.36175,0.14943,False,0.375,0.10168,False,0.30623,0.30416,0.37671,0.096375,0.37512,0.11141
5,15,100,False,0.056335,-0.017809,0.075964,-0.024456,0.057751,-0.016954,0.070175,0.9,False,,1,True,0.045455,0.9807,,1,0.047619,0.98158,0.24959,0.4693,False,,1,True,0.14706,0.70175,0.06383,0.87632,0.1454,0.70439,0.35471,0.15175,False,0.24959,0.4693,False,0.30139,0.30439,0.26963,0.40789,0.29911,0.30789
5,16,119,False,0.047518,-0.01868,0.089392,-0.00041109,0.050417,-0.023553,0.07767,0.90812,False,0.17694,0.66726,False,0.05,0.98216,0.16667,0.70562,0.045455,0.98037,0.2661,0.47368,False,0.29318,0.38537,False,0.16352,0.71632,0.2776,0.43443,0.16766,0.70205,0.36335,0.14808,False,0.36542,0.13827,False,0.30639,0.31579,0.33751,0.21766,0.31131,0.29795
5,17,119,False,0.045187,-0.014486,0.065575,0.022732,0.038213,0.020176,0.072072,0.90098,False,0.18812,0.63961,False,0.047619,0.98127,0.13364,0.80642,0,0.99465,0.25624,0.46387,False,0.23827,0.52453,False,0.16566,0.70384,0.23881,0.52186,0.131,0.79572,0.35294,0.15076,False,0.28997,0.34166,False,0.3023,0.30062,0.3059,0.27386,0.26959,0.43087
5,18,128,False,0.042201,-0.0070066,0.099207,0.099207,0.094209,0.093784,0.056604,0.90468,False,,1,True,0,0.98291,0.058252,0.90737,,1,0.24618,0.47032,False,0.19762,0.6223,False,0.15217,0.71043,0.15896,0.68885,0.043011,0.91637,0.3481,0.14748,False,0.24607,0.48471,False,0.29495,0.30486,0.24917,0.45504,0.16931,0.66007
5,19,110,False,0.049363,-0.02298,0.079135,-0.066585,0.080703,-0.074148,0.071429,0.90088,False,0.22247,0.59823,False,0.05,0.9823,0.14695,0.7531,0.042254,0.93717,0.26544,0.46991,False,0.30108,0.34159,False,0.16517,0.70531,0.29167,0.38407,0.24231,0.53982,0.36013,0.15221,False,0.35873,0.16372,False,0.30907,0.30708,0.37253,0.10442,0.36959,0.12124
5,20,109,False,0.050307,-0.017406,0.058284,-0.0038985,0.040391,-0.010966,0.072072,0.90186,False,,1,True,0.058824,0.98497,0.11682,0.81079,0,0.98674,0.25828,0.46596,False,0.22016,0.57029,False,0.15455,0.70822,0.24868,0.49867,0.14239,0.72679,0.35692,0.15031,False,0.32796,0.23165,False,0.30789,0.30504,0.32719,0.23254,0.29868,0.32803
5,21,96,False,0.051895,-0.017692,0.041999,-0.01553,0.050822,-0.016151,0.070175,0.90035,False,,1,True,0.05,0.98252,0.064815,0.90559,0.052632,0.98339,0.25246,0.46678,False,0.22047,0.55594,False,0.15362,0.69843,0.20911,0.5778,0.15294,0.7028,0.3553,0.15122,False,0.30113,0.30332,False,0.30262,0.29808,0.31713,0.24476,0.30025,0.3042
5,22,118,False,0.043,-0.0038414,0.12367,0.12367,0.13073,0.12906,0.061404,0.8984,False,,1,True,0.045455,0.98039,0,0.99198,,1,0.23888,0.459,False,0.19393,0.61854,False,0.15116,0.6934,0.069767,0.8467,0.033898,0.94742,0.33856,0.14706,False,0.20343,0.58378,False,0.28697,0.28877,0.19775,0.60339,0.1322,0.73708
5,23,136,False,0.047099,-0.013413,0.080675,0.038363,0.040636,0.028942,0.066667,0.90489,False,0.18421,0.6558,False,0.058824,0.9846,0.132,0.77355,0,0.99819,0.25641,0.47011,False,0.22938,0.54982,False,0.16139,0.71377,0.2449,0.51178,0.1269,0.82156,0.35508,0.15308,False,0.32071,0.2346,False,0.30275,0.30888,0.30789,0.28804,0.25768,0.4692
5,24,109,False,0.052794,-0.016694,0.046486,0.0049786,0.047639,-0.0020128,0.058252,0.90893,False,,1,True,0,0.98232,0.057143,0.96905,0,0.98762,0.2555,0.47745,False,0.22312,0.5641,False,0.15361,0.71795,0.1571,0.70734,0.13869,0.75774,0.35975,0.15208,False,0.34365,0.19982,False,0.29987,0.32184,0.29201,0.35809,0.28794,0.37666
5,25,78,False,0.056101,-0.014279,0.047207,0.033178,0.046326,0.035165,0.069565,0.90103,False,,1,True,0.047619,0.98193,,1,0,0.99914,0.25,0.46988,False,,1,True,0.14535,0.70396,0.064748,0.88038,0.094527,0.82702,0.35383,0.1463,False,0.30377,0.29174,False,0.29988,0.30551,0.22388,0.53873,0.25126,0.48967
5,26,115,False,0.048289,-0.01766,0.039548,-0.012492,0.042489,-0.013154,0.06422,0.90311,False,,1,True,0.045455,0.98044,0.043478,0.93867,0.05,0.98222,0.25543,0.46756,False,0.20815,0.58578,False,0.15821,0.70222,0.19324,0.632,0.14953,0.71467,0.35454,0.14756,False,0.3156,0.248,False,0.30153,0.30133,0.30675,0.27556,0.29465,0.31822
5,27,108,False,0.056408,-0.01891,0.049951,-0.02994,0.059205,-0.02837,0.061947,0.90018,False,,1,True,0.047619,0.98145,0.062016,0.88604,0.038462,0.97703,0.2562,0.46555,False,0.15556,0.68198,False,0.15134,0.7023,0.22351,0.54152,0.15718,0.67403,0.35921,0.14664,False,0.35967,0.15018,False,0.30517,0.29947,0.3374,0.20406,0.31573,0.26413
5,28,110,False,0.051525,-0.016896,0.029851,-0.00049785,0.043544,-0.0052363,0.054054,0.90177,False,0.17021,0.66726,False,0.047619,0.98142,0.056075,0.90531,0,0.98584,0.25785,0.4646,False,0.23529,0.53363,False,0.15916,0.70531,0.21064,0.60088,0.14527,0.73805,0.35423,0.1531,False,0.29702,0.3177,False,0.30153,0.30442,0.3058,0.2823,0.29268,0.3469
5,29,114,False,0.0463,-0.013667,0.062713,0.039233,0.040023,0.031253,0.071429,0.90053,False,0.12552,0.78774,False,0.047619,0.98135,0.11111,0.83215,0,0.99822,0.25662,0.46359,False,0.20982,0.60213,False,0.16012,0.70604,0.21971,0.5675,0.12136,0.81705,0.35454,0.14831,False,0.30605,0.29485,False,0.30179,0.30551,0.29909,0.31705,0.25845,0.47425
5,30,107,False,0.052746,-0.025376,0.1089,-0.10078,0.11691,-0.10863,0.065421,0.90556,False,0.17222,0.68226,False,0.052632,0.98323,0.14915,0.73963,0.058824,0.89497,0.26431,0.47573,False,0.32827,0.24448,False,0.16409,0.71492,0.30628,0.32568,0.28264,0.42542,0.36788,0.14828,False,0.41696,0.011474,False,0.31057,0.31509,0.40331,0.041483,0.4093,0.031774
5,31,113,False,0.057413,-0.022372,0.069146,-0.062997,0.081805,-0.064402,0.071429,0.90062,False,,1,True,0.047619,0.98137,0.093264,0.82875,0.04918,0.94587,0.2603,0.4614,False,0.28054,0.41171,False,0.15385,0.70009,0.26825,0.44099,0.22245,0.56522,0.36212,0.14729,False,0.37312,0.11535,False,0.31139,0.29902,0.3716,0.1189,0.36279,0.14641
5,32,133,False,0.049943,-0.023047,0.081543,-0.055296,0.070296,-0.06311,0.071429,0.89883,False,0.17647,0.66215,False,0.05,0.98193,0.16564,0.70551,0.052632,0.94851,0.26734,0.46612,False,0.30376,0.32791,False,0.16768,0.7037,0.29842,0.37037,0.22747,0.57904,0.36373,0.14815,False,0.38819,0.066847,False,0.31339,0.30533,0.37372,0.12014,0.36373,0.15808
5,33,108,False,0.054025,-0.020475,0.088151,-0.019736,0.065082,-0.047884,0.074766,0.90548,False,0.14576,0.7394,False,0.05,0.98233,0.16216,0.70583,0.075,0.96466,0.26387,0.47438,False,0.3,0.36396,False,0.15528,0.71555,0.28507,0.41431,0.20433,0.63251,0.36496,0.15283,False,0.39323,0.060954,False,0.3066,0.31714,0.35179,0.1864,0.34122,0.21555
5,34,110,False,0.05573,-0.020773,0.061433,-0.048479,0.066127,-0.047735,0.070175,0.89912,False,0.19093,0.6292,False,0.05,0.9823,0.068376,0.89646,0.073171,0.96372,0.25532,0.45929,False,0.22901,0.53628,False,0.15743,0.69646,0.23389,0.51947,0.20408,0.60973,0.35729,0.15044,False,0.30532,0.28407,False,0.305,0.29204,0.35518,0.16283,0.34248,0.19381
5,35,113,False,0.060541,-0.023624,0.0816,-0.076421,0.096132,-0.081264,0.07619,0.90683,False,,1,True,0.05,0.98225,0.068966,0.89707,0.076923,0.93079,0.26351,0.47471,False,0.2701,0.44809,False,0.15047,0.71695,0.26224,0.49246,0.24203,0.52706,0.36421,0.15705,False,0.4037,0.041704,False,0.30649,0.31677,0.37613,0.11535,0.37725,0.11091
5,36,107,False,0.048974,-0.014006,0.044732,0.028694,0.048342,0.028283,0.071429,0.90115,False,,1,True,0.05,0.98235,,1,0,0.99823,0.25122,0.45896,False,0.20842,0.58076,False,0.15044,0.70079,0.1,0.8323,0.11268,0.812,0.34814,0.14563,False,0.25203,0.45719,False,0.29825,0.29568,0.24832,0.47396,0.25284,0.45543
5,37,111,False,0.059629,-0.024452,0.10157,-0.092207,0.1013,-0.093879,0.066038,0.90611,False,0.10169,0.84322,False,0,0.98583,0.06087,0.89814,0.053763,0.91763,0.2605,0.47298,False,0.25823,0.48893,False,0.15361,0.71745,0.26194,0.46236,0.26199,0.48273,0.36771,0.14969,False,0.41336,0.018601,False,0.3057,0.31621,0.38873,0.072631,0.3899,0.070859
5,38,98,False,0.057412,-0.020578,0.10243,-0.058231,0.069977,-0.052917,0.071429,0.90193,False,,1,True,0.055556,0.98424,,1,0.066667,0.9606,0.25083,0.46935,False,,1,True,0.15044,0.70315,0.12295,0.78634,0.2,0.60158,0.35773,0.15061,False,0.25563,0.45534,False,0.30189,0.30385,0.31634,0.24431,0.34301,0.18564
5,39,89,False,0.051615,-0.018165,0.058185,-0.024118,0.052473,-0.023785,0.058824,0.89661,False,,1,True,0.045455,0.98089,0,0.98436,0.038462,0.97741,0.25285,0.46742,False,0.17604,0.64466,False,0.15909,0.69418,0.15562,0.69852,0.16173,0.67767,0.35481,0.1503,False,0.27681,0.40052,False,0.30198,0.298,0.30207,0.28671,0.30409,0.27715
5,40,103,False,0.050086,-0.016359,0.046814,-0.0032349,0.049671,0.00063815,0.068966,0.89798,False,,1,True,0.045455,0.98065,0.072368,0.86631,0,0.98769,0.25528,0.4591,False,0.19294,0.62621,False,0.15607,0.69569,0.21961,0.55145,0.14041,0.74318,0.35494,0.14512,False,0.29495,0.32014,False,0.30511,0.29376,0.31184,0.24978,0.29235,0.3562
5,41,122,False,0.045797,-0.013213,0.055532,0.022761,0.040309,0.032087,0.061947,0.89893,False,0.14603,0.71825,False,0.045455,0.98032,0.079545,0.84258,0,0.99821,0.25658,0.45617,False,0.21932,0.55546,False,0.16327,0.6932,0.21956,0.55188,0.11268,0.80948,0.34837,0.14758,False,0.29054,0.3381,False,0.30276,0.28801,0.30435,0.27996,0.25455,0.45886
5,42,115,False,0.051646,-0.018684,0.06008,-0.021143,0.054745,-0.024111,0.069565,0.89778,False,0.1457,0.73156,False,0.047619,0.98133,0.090909,0.83378,0.041667,0.97867,0.25705,0.464,False,0.23327,0.53511,False,0.15976,0.69956,0.24464,0.50222,0.16011,0.68356,0.35707,0.15111,False,0.32209,0.23556,False,0.30584,0.29956,0.33931,0.20622,0.30949,0.27911
5,43,94,False,0.056407,-0.019185,0.058637,-0.033789,0.059768,-0.035741,0.067227,0.89616,False,,1,True,0.052632,0.98342,0.088083,0.83159,0.033333,0.97382,0.25449,0.4651,False,,1,True,0.15274,0.69721,0.25338,0.48342,0.1679,0.6466,0.35832,0.15009,False,0.34449,0.19197,False,0.30932,0.29756,0.34857,0.17888,0.32151,0.23735
5,44,123,False,0.041299,-0.0049202,0.11828,0.11294,0.11516,0.11465,0.061947,0.89884,False,,1,True,0.047619,0.9812,0.070588,0.84781,,1,0.24875,0.46374,False,0.2,0.61056,False,0.15882,0.69561,0.19128,0.63026,0.04,0.93286,0.34105,0.14951,False,0.24913,0.48612,False,0.29389,0.29633,0.25938,0.42704,0.15616,0.70188
5,45,106,False,0.055614,-0.01542,0.046292,0.011525,0.043242,0.010838,0.066667,0.89418,False,,1,True,0.045455,0.9806,0,0.99559,0,0.99206,0.25121,0.45238,False,,1,True,0.15211,0.68695,0.10938,0.77425,0.11397,0.76014,0.34948,0.14462,False,0.25041,0.46473,False,0.2984,0.28483,0.27286,0.39242,0.27738,0.38007
5,46,105,False,0.053974,-0.01601,0.051401,0.019298,0.050847,0.0055398,0.071429,0.90132,False,,1,True,0.0625,0.9859,0.06875,0.85903,0,0.99383,0.25671,0.47489,False,0.1775,0.64758,False,0.15361,0.70749,0.21856,0.57269,0.1203,0.76564,0.35921,0.1489,False,0.32798,0.23172,False,0.30051,0.31101,0.30605,0.30044,0.28509,0.39119
5,47,106,False,0.052702,-0.013404,0.047885,0.029854,0.049099,0.034032,0.068376,0.89683,False,,1,True,0.045455,0.9806,0.068376,0.89683,0,0.99912,0.25284,0.45591,False,,1,True,0.15143,0.69136,0.19495,0.61552,0.099526,0.81393,0.35124,0.14638,False,0.26161,0.43034,False,0.29814,0.29012,0.28927,0.32628,0.25371,0.46473
5,48,130,False,0.047539,-0.017978,0.045665,-0.02316,0.043906,-0.014697,0.063636,0.9009,False,0.14563,0.72162,False,0,0.98378,0.066667,0.86486,0,0.98468,0.25822,0.45225,False,0.24373,0.4973,False,0.16168,0.6991,0.23396,0.52252,0.1548,0.70901,0.35406,0.14505,False,0.31722,0.23604,False,0.30506,0.28829,0.33409,0.2018,0.29768,0.3009
5,49,121,False,0.045295,-0.016703,0.065587,0.011857,0.040784,-0.0025017,0.073394,0.90259,False,0.18557,0.65326,False,0.05,0.98213,0.13559,0.7891,0,0.98749,0.25796,0.46649,False,0.23228,0.54602,False,0.16258,0.70867,0.2491,0.50134,0.15302,0.74888,0.35586,0.15371,False,0.31699,0.2529,False,0.3053,0.3092,0.31693,0.25559,0.29371,0.36104
10,0,203,False,0.046311,-0.0096426,0.04527,0.032269,0.046123,0.03984,0.074074,0.89585,False,0.1244,0.79846,False,0.05,0.98071,0.064935,0.92575,0,0.99904,0.25,0.45612,False,0.1612,0.64706,False,0.15432,0.68756,0.16076,0.64609,0.10582,0.81774,0.34564,0.1379,False,0.2547,0.43587,False,0.29719,0.27965,0.28447,0.33558,0.25271,0.46577
10,1,237,False,0.046343,-0.0070283,0.051716,0.049995,0.05959,0.048597,0.067961,0.89731,False,0.071429,0.84646,False,0,0.98405,0.069767,0.95713,,1,0.24767,0.46461,False,0.1863,0.63609,False,0.15282,0.6999,0.15358,0.70788,0.078788,0.83549,0.34235,0.15254,False,0.26701,0.41376,False,0.29286,0.30209,0.26768,0.40778,0.23887,0.50748
10,2,223,False,0.048153,-0.0089611,0.052504,0.04826,0.052345,0.043679,0.054348,0.90954,False,0.056,0.87709,False,0,0.98427,0.051282,0.96165,,1,0.24767,0.47198,False,0.17465,0.65093,False,0.14488,0.72173,0.1413,0.72861,0.083333,0.84661,0.35328,0.14553,False,0.2868,0.35202,False,0.29149,0.31858,0.26712,0.42576,0.23218,0.51721
10,3,217,False,0.04724,-0.005024,0.076566,0.07373,0.077245,0.066429,0.06,0.90225,False,0.070513,0.84751,False,0.058824,0.98338,0.043478,0.97752,,1,0.24008,0.48289,False,0.15313,0.68719,False,0.14765,0.7087,0.11538,0.77126,0.059701,0.86901,0.34606,0.15543,False,0.2426,0.5044,False,0.28716,0.32258,0.23977,0.49853,0.20968,0.57576
10,4,230,False,0.048969,0.0012799,0.091113,0.090608,0.094745,0.092473,0.048544,0.89802,False,,1,True,0,0.98119,,1,,1,0.23381,0.4495,False,0.056962,0.84356,False,0.14058,0.6901,0.054795,0.85545,0.046729,0.89406,0.33179,0.14653,False,0.19231,0.56238,False,0.28669,0.27822,0.19048,0.56337,0.17766,0.6099
10,5,224,False,0.052765,-0.0079859,0.056977,0.04783,0.061671,0.048048,0.060606,0.90256,False,0.12371,0.80906,False,0.058824,0.98327,0.047619,0.97933,,1,0.24226,0.45965,False,0.17534,0.64075,False,0.14815,0.70768,0.12653,0.75886,0.0875,0.84252,0.34602,0.14665,False,0.23552,0.49016,False,0.29213,0.29921,0.25175,0.43701,0.22535,0.51083
10,6,229,False,0.045877,-0.0097055,0.049708,0.03651,0.048666,0.03602,0.06,0.90109,False,0.083871,0.84669,False,0,0.98121,0,0.9822,0,0.99901,0.24908,0.45994,False,0.20991,0.58061,False,0.15541,0.70722,0.13025,0.76459,0.10497,0.82097,0.34266,0.15134,False,0.26801,0.4095,False,0.29462,0.30168,0.26207,0.42631,0.24812,0.47379
10,7,232,False,0.044993,-0.0045222,0.092213,0.082268,0.072262,0.066562,0.046512,0.91468,False,0.12766,0.81349,False,0,0.98413,0.043956,0.90972,,1,0.25191,0.48016,False,0.22565,0.58234,False,0.14717,0.7371,0.16667,0.68452,0.053097,0.8879,0.34941,0.15675,False,0.2929,0.32937,False,0.29185,0.33036,0.26889,0.43552,0.21707,0.59325
10,8,231,False,0.051044,-0.032853,0.094845,-0.082552,0.095261,-0.089854,0.085106,0.90684,False,0.17901,0.67889,False,0.058824,0.98315,0.16781,0.7106,0.088235,0.93261,0.27757,0.47869,False,0.32018,0.3221,False,0.16838,0.7116,0.31288,0.35382,0.25786,0.52725,0.37674,0.14767,False,0.40791,0.047572,False,0.32174,0.31615,0.39368,0.091179,0.38821,0.10902
10,9,200,False,0.06004,-0.015878,0.077869,-0.0022409,0.053089,0.0033174,0.057692,0.9,False,,1,True,0.045455,0.97885,,1,0,0.9875,0.24412,0.46827,False,0.12982,0.72596,False,0.14331,0.69808,0.027778,0.93077,0.12741,0.75096,0.34703,0.15769,False,0.25768,0.43654,False,0.29282,0.30385,0.21766,0.53173,0.27565,0.37212
10,10,232,False,0.049522,-0.024396,0.11434,0.00050105,0.062869,-0.043072,0.080808,0.90179,False,0.17763,0.69841,False,0.058824,0.98313,0.19578,0.67063,0.037037,0.97321,0.27984,0.49306,False,0.3141,0.38095,False,0.17586,0.7123,0.30017,0.43155,0.20468,0.66071,0.37099,0.16567,False,0.38427,0.11706,False,0.31893,0.33433,0.34884,0.23214,0.33514,0.26587
10,11,210,False,0.056532,-0.0093355,0.058245,0.043924,0.054353,0.041322,0.048077,0.89903,False,,1,True,0,0.98252,,1,,1,0.24042,0.44272,False,0.067485,0.84175,False,0.13651,0.69417,0.056338,0.86214,0.077348,0.82427,0.34602,0.13301,False,0.16837,0.61942,False,0.29491,0.27573,0.21158,0.51359,0.2326,0.4699
10,12,230,False,0.069294,-0.032574,0.091942,-0.08708,0.10293,-0.090777,0.081395,0.91485,False,0.10667,0.85149,False,0,0.98416,0.079545,0.91287,0.079365,0.93762,0.27059,0.49505,False,0.29255,0.44158,False,0.14122,0.74059,0.25157,0.52772,0.23778,0.55446,0.37943,0.16238,False,0.42872,0.020792,False,0.3142,0.34455,0.38927,0.13267,0.38952,0.13069
10,13,210,False,0.056212,-0.011011,0.046163,0.030492,0.050838,0.031191,0.074074,0.89515,False,,1,True,0.045455,0.97864,0,0.9835,0,0.99709,0.24334,0.4534,False,0.091398,0.81942,False,0.14196,0.69223,0.10757,0.75631,0.10294,0.80194,0.34738,0.14757,False,0.20133,0.56117,False,0.29195,0.28835,0.25902,0.40777,0.24607,0.44369
10,14,233,False,0.051114,-0.020782,0.04345,-0.025865,0.051437,-0.023114,0.073684,0.90566,False,0.14397,0.74479,False,0.058824,0.98312,0.072072,0.88977,0.055556,0.98213,0.25688,0.45879,False,0.192,0.62761,False,0.15563,0.7001,0.22271,0.54518,0.15858,0.69315,0.36101,0.13903,False,0.3295,0.22244,False,0.30704,0.29494,0.33375,0.2145,0.30876,0.286
10,15,204,False,0.048643,-0.018765,0.041261,-0.015643,0.038422,-0.014159,0.074766,0.89672,False,0.1682,0.68436,False,0.045455,0.97876,0.080537,0.85618,0,0.98166,0.25893,0.45946,False,0.23651,0.53475,False,0.17089,0.69498,0.2377,0.52896,0.16225,0.70849,0.35447,0.14768,False,0.31275,0.26544,False,0.30559,0.29247,0.32671,0.22297,0.3007,0.30985
10,16,195,False,0.051957,-0.018658,0.04863,-0.011544,0.044039,-0.013931,0.049505,0.90335,False,0.090909,0.84211,False,0,0.98469,0.056604,0.94928,0,0.98756,0.25719,0.46794,False,0.18378,0.64593,False,0.15385,0.71388,0.1727,0.65646,0.14737,0.72727,0.35923,0.15024,False,0.31176,0.2756,False,0.30084,0.31292,0.30571,0.29569,0.29429,0.33014
10,17,217,False,0.046912,-0.019582,0.055132,-0.002977,0.044876,-0.017879,0.084211,0.90714,False,0.16129,0.72727,False,0.052632,0.98143,0.090909,0.83871,0.055556,0.9824,0.26654,0.48289,False,0.26877,0.50538,False,0.16781,0.71457,0.24788,0.53861,0.16376,0.71945,0.36143,0.15347,False,0.33794,0.2219,False,0.3068,0.32454,0.32185,0.26197,0.30409,0.33138
10,18,191,False,0.044809,-0.0083617,0.048675,0.042207,0.055223,0.050391,0.06087,0.89037,False,,1,True,0.05,0.98093,0.078947,0.96378,,1,0.24528,0.44423,False,0.15294,0.67588,False,0.15455,0.68541,0.14007,0.70734,0.079545,0.83222,0.34365,0.13727,False,0.22727,0.49666,False,0.29843,0.27169,0.26852,0.38227,0.23019,0.49476
10,19,217,False,0.060707,-0.031014,0.092974,-0.084326,0.091719,-0.083892,0.071429,0.9042,False,0.14228,0.75953,False,0,0.98436,0.09434,0.84457,0.059701,0.93451,0.2623,0.46334,False,0.26004,0.48876,False,0.15947,0.70577,0.27444,0.43011,0.23958,0.53079,0.37071,0.14565,False,0.38692,0.087977,False,0.31285,0.3001,0.38668,0.089932,0.382,0.10948
10,20,225,False,0.048443,-0.024501,0.064622,-0.045769,0.057905,-0.044155,0.07,0.90148,False,0.1791,0.66995,False,0.047619,0.97931,0.13366,0.80099,0.058824,0.9665,0.26642,0.4601,False,0.26834,0.44926,False,0.17333,0.70443,0.26868,0.44631,0.18785,0.64335,0.36301,0.14778,False,0.34398,0.19803,False,0.31276,0.29754,0.36163,0.15271,0.33376,0.22365
10,21,204,False,0.04813,-0.017125,0.049353,-0.0056885,0.038435,-0.0046462,0.074766,0.89672,False,0.13755,0.74035,False,0.055556,0.98263,0.075,0.96139,0,0.98745,0.24733,0.45753,False,0.19756,0.60425,False,0.15385,0.68629,0.16156,0.65347,0.13986,0.72394,0.35034,0.14865,False,0.25217,0.44498,False,0.2977,0.28668,0.29604,0.29247,0.28427,0.33108
10,22,210,False,0.045791,-0.011013,0.04408,0.029278,0.04666,0.031005,0.046296,0.89515,False,,1,True,0.047619,0.97961,0.043478,0.95534,0,0.99709,0.24867,0.4534,False,0.1928,0.62233,False,0.15888,0.68835,0.15839,0.68738,0.11058,0.79806,0.34659,0.14563,False,0.25427,0.43107,False,0.29332,0.28835,0.27508,0.36117,0.25087,0.44272
10,23,222,False,0.045407,-0.0023533,0.07813,0.075861,0.086174,0.078404,0.060606,0.90275,False,0.14552,0.73674,False,0.055556,0.98232,0.055556,0.89391,,1,0.24314,0.46267,False,0.2109,0.58546,False,0.15961,0.69843,0.17452,0.64538,0.058333,0.88212,0.34025,0.14833,False,0.24335,0.4833,False,0.28651,0.29371,0.26688,0.389,0.20991,0.5835
10,24,188,False,0.059997,-0.021412,0.063273,-0.032802,0.068174,-0.033208,0.052632,0.9097,False,0.073826,0.85837,False,0.05,0.98099,0.060606,0.96863,0.037037,0.97433,0.25953,0.47624,False,0.16901,0.66255,False,0.14286,0.71388,0.16286,0.6673,0.1543,0.67966,0.3608,0.14639,False,0.33252,0.22243,False,0.30278,0.31559,0.31736,0.26616,0.31682,0.27091
10,25,218,False,0.058511,-0.024273,0.074023,-0.053788,0.065436,-0.04405,0.075472,0.89628,False,0.12626,0.80626,False,0.052632,0.98141,0.12083,0.76517,0.0625,0.96869,0.2611,0.44912,False,0.24266,0.5,False,0.15335,0.69374,0.28176,0.39922,0.17819,0.63209,0.36705,0.13894,False,0.36705,0.13894,False,0.31514,0.28278,0.37152,0.12035,0.34077,0.21037
10,26,197,False,0.052358,-0.011708,0.047376,0.02883,0.051447,0.02883,0.056604,0.89837,False,,1,True,0.045455,0.97891,,1,0,0.99712,0.24733,0.46117,False,0.13149,0.72291,False,0.14642,0.69223,0.092308,0.81304,0.109,0.7977,0.34127,0.15436,False,0.24867,0.46021,False,0.29308,0.29338,0.24912,0.45733,0.25043,0.44487
10,27,220,False,0.053151,-0.014294,0.059942,0.011312,0.05065,0.011934,0.056075,0.8951,False,0.082278,0.8451,False,0.05,0.98039,,1,0,0.99216,0.24304,0.47157,False,0.15596,0.67941,False,0.14935,0.69804,0.098958,0.81176,0.11864,0.76863,0.34803,0.1549,False,0.22062,0.52451,False,0.29817,0.30294,0.25779,0.43333,0.26841,0.40098
10,28,203,False,0.049043,-0.0099168,0.04789,0.029275,0.045101,0.037805,0.061404,0.89007,False,,1,True,0,0.98264,0.026667,0.92768,0,0.99904,0.24913,0.44648,False,0.22428,0.53134,False,0.16168,0.67792,0.17021,0.63742,0.10396,0.80521,0.34124,0.14658,False,0.26179,0.40694,False,0.29233,0.27097,0.27778,0.32305,0.24782,0.44744
10,29,201,False,0.049718,-0.019243,0.051387,-0.025065,0.048158,-0.017363,0.072727,0.89413,False,0.14634,0.72377,False,0.055556,0.98268,0.067164,0.87103,0,0.98364,0.25132,0.45236,False,0.20982,0.56882,False,0.15951,0.68624,0.23092,0.52069,0.15625,0.69201,0.35321,0.14437,False,0.30639,0.26179,False,0.30452,0.27623,0.33254,0.19538,0.30336,0.28296
10,30,220,False,0.048397,-0.0096049,0.053492,0.035896,0.054031,0.03639,0.072727,0.89216,False,,1,True,0.052632,0.98137,0,0.99118,0,0.99902,0.2387,0.45784,False,0.12639,0.73627,False,0.14861,0.68333,0.12121,0.77353,0.10101,0.80588,0.34065,0.15098,False,0.20133,0.55686,False,0.29275,0.28333,0.2534,0.42353,0.24064,0.45
10,31,218,False,0.054303,-0.01553,0.049598,0.00587,0.045027,0.0050103,0.058824,0.9002,False,0.10753,0.818,False,0.055556,0.98239,0,0.99706,0,0.99022,0.24107,0.45205,False,0.16209,0.64384,False,0.14873,0.6908,0.12335,0.77789,0.12205,0.75147,0.34817,0.14286,False,0.20594,0.53914,False,0.29116,0.28082,0.26646,0.37573,0.27245,0.35714
10,32,195,False,0.055915,-0.028077,0.088993,-0.071407,0.079184,-0.074618,0.08,0.90431,False,0.16933,0.70048,False,0.05,0.98086,0.15385,0.73876,0.04918,0.94163,0.27224,0.4622,False,0.3097,0.33876,False,0.16447,0.70909,0.3003,0.37225,0.23965,0.56077,0.36925,0.14737,False,0.37931,0.11196,False,0.31724,0.30622,0.3806,0.10239,0.37251,0.13684
10,33,223,False,0.046367,-0.020417,0.05197,-0.020564,0.0455,-0.022161,0.075269,0.90855,False,0.15038,0.73845,False,0,0.9823,0.097222,0.85841,0,0.9823,0.26471,0.46509,False,0.25,0.51229,False,0.1614,0.71976,0.2416,0.53196,0.16207,0.71485,0.36322,0.14454,False,0.35054,0.18092,False,0.30758,0.31268,0.33755,0.22222,0.31161,0.3058
10,34,217,False,0.057353,-0.015941,0.054574,0.0016055,0.048218,0.0027319,0.068627,0.90029,False,0.088235,0.83382,False,0,0.98631,0.071429,0.95894,0,0.99316,0.2491,0.45455,False,0.12868,0.73412,False,0.14379,0.70088,0.1516,0.66471,0.11905,0.75367,0.35616,0.1437,False,0.28374,0.36266,False,0.30014,0.29326,0.2942,0.3089,0.28374,0.36266
10,35,220,False,0.045796,-0.008662,0.052299,0.043241,0.051978,0.04276,0.055556,0.89412,False,,1,True,0.05,0.98039,,1,,1,0.24368,0.45686,False,0.15864,0.65392,False,0.15,0.68627,0.072289,0.83725,0.086957,0.81961,0.34096,0.14314,False,0.21811,0.52353,False,0.29001,0.28333,0.23121,0.49118,0.24209,0.47353
10,36,229,False,0.04378,-0.013101,0.071515,0.01768,0.043041,0.018341,0.072917,0.90504,False,0.17178,0.67755,False,0.05,0.98022,0.13542,0.81009,0,0.99308,0.25788,0.46686,False,0.24211,0.53017,False,0.16327,0.7092,0.2459,0.51731,0.13462,0.79426,0.35349,0.14936,False,0.32134,0.23046,False,0.30355,0.30267,0.31501,0.26212,0.27273,0.42334
10,37,213,False,0.05055,-0.017918,0.047767,-0.0050244,0.04168,-0.0081874,0.06383,0.90847,False,0.13043,0.77605,False,0.055556,0.98247,0.078947,0.963,0.066667,0.98539,0.25421,0.47907,False,0.17898,0.65725,False,0.15464,0.71665,0.16409,0.68549,0.14829,0.74391,0.35853,0.14995,False,0.29018,0.34567,False,0.29496,0.32327,0.29215,0.33009,0.28983,0.35833
10,38,200,False,0.041362,-0.009969,0.048235,0.043754,0.049935,0.041029,0.060606,0.90481,False,0.078431,0.85288,False,0.052632,0.98173,0.069767,0.95865,,1,0.25,0.46923,False,0.184,0.63942,False,0.15282,0.71058,0.14483,0.72115,0.098837,0.83462,0.34802,0.14904,False,0.29107,0.33269,False,0.29583,0.30769,0.26841,0.4125,0.24038,0.5
10,39,226,False,0.051218,-0.011343,0.046821,0.031971,0.046539,0.028644,0.053191,0.9073,False,0.1018,0.83531,False,0.058824,0.98323,0.053571,0.94477,0,0.99704,0.24861,0.46844,False,0.19847,0.61243,False,0.14931,0.71598,0.15605,0.69034,0.10811,0.81755,0.35082,0.15385,False,0.28767,0.35207,False,0.29714,0.30966,0.28076,0.37475,0.25138,0.46252
10,40,207,False,0.045273,-0.0072466,0.054456,0.054005,0.064429,0.056262,0.04902,0.90126,False,,1,True,0.066667,0.98548,0.05,0.98064,,1,0.24107,0.45789,False,0.16156,0.65247,False,0.1526,0.70184,0.12698,0.75605,0.067114,0.85576,0.34646,0.1394,False,0.24254,0.48112,False,0.29178,0.29332,0.24913,0.44046,0.21971,0.52856
10,41,220,False,0.04492,-0.014558,0.032533,0.013402,0.041953,0.010817,0.054348,0.9098,False,0.10843,0.83725,False,0,0.98137,0.030303,0.93529,0,0.99118,0.25185,0.47059,False,0.192,0.63235,False,0.15464,0.71471,0.17143,0.65686,0.12727,0.78431,0.35301,0.15294,False,0.3125,0.26275,False,0.29688,0.3098,0.29283,0.33039,0.27348,0.4049
10,42,245,False,0.060609,-0.033744,0.10386,-0.089816,0.093475,-0.087636,0.072165,0.90251,False,0.17333,0.69849,False,0,0.98492,0.16892,0.70251,0.075758,0.93367,0.27444,0.46533,False,0.31437,0.32864,False,0.16949,0.70352,0.31334,0.32965,0.24736,0.52462,0.37793,0.14372,False,0.39258,0.078392,False,0.32281,0.2995,0.39741,0.069347,0.38833,0.10452
10,43,200,False,0.056565,-0.017891,0.059571,-0.0063311,0.048821,-0.0091583,0.04717,0.89808,False,,1,True,0.055556,0.98269,,1,0,0.98654,0.24343,0.45096,False,0.12261,0.74904,False,0.14241,0.69615,0.10837,0.80481,0.12803,0.72212,0.35056,0.14423,False,0.18093,0.60673,False,0.29759,0.28269,0.27119,0.37596,0.28792,0.31538
10,44,202,False,0.045728,-0.014072,0.041414,0.013892,0.041531,0.013946,0.061404,0.89017,False,,1,True,0,0.98362,0,0.99615,0,0.99615,0.24828,0.44123,False,0.17067,0.63873,False,0.15549,0.68401,0.11694,0.76108,0.11741,0.76204,0.34812,0.13102,False,0.26214,0.40462,False,0.29669,0.27264,0.2709,0.37765,0.2709,0.37765
10,45,242,False,0.041615,-0.0053235,0.061631,0.049842,0.064803,0.056375,0.056075,0.89279,False,,1,True,0,0.98297,0.041096,0.92685,,1,0.24587,0.45391,False,0.2,0.60421,False,0.16399,0.68838,0.16914,0.66232,0.067901,0.83768,0.34189,0.14128,False,0.27331,0.37675,False,0.29526,0.28056,0.27646,0.36573,0.23361,0.51102
10,46,191,False,0.047646,-0.008624,0.059218,0.052086,0.053771,0.050161,0.056075,0.898,False,0.13095,0.75977,False,0.047619,0.97998,0.059701,0.87226,,1,0.25355,0.46235,False,0.16343,0.65586,False,0.15823,0.69876,0.19315,0.6101,0.083333,0.83985,0.34978,0.14967,False,0.28,0.38036,False,0.2966,0.29933,0.28446,0.34986,0.23425,0.51573
10,47,234,False,0.042738,-0.0036493,0.076561,0.071281,0.079437,0.069467,0.052083,0.90457,False,0.13191,0.7664,False,0.052632,0.98111,0,0.98509,,1,0.24105,0.47217,False,0.17416,0.64612,False,0.14865,0.70577,0.1194,0.8002,0.047244,0.87376,0.34033,0.14712,False,0.24266,0.49205,False,0.2853,0.31014,0.23541,0.50596,0.20882,0.57157
10,48,225,False,0.051817,-0.0056604,0.059512,0.053329,0.068274,0.058082,0.053571,0.88966,False,,1,True,0.05,0.9803,0.05,0.9803,,1,0.24464,0.44828,False,,1,True,0.14373,0.67783,0.10853,0.74581,0.054545,0.83744,0.34282,0.13498,False,0.22745,0.49754,False,0.29484,0.27488,0.24914,0.4266,0.22044,0.50837
10,49,210,False,0.064794,-0.029143,0.081196,-0.075794,0.086486,-0.076806,0.074468,0.90874,False,0.13866,0.76893,False,0.05,0.98058,0.068627,0.90097,0.051724,0.94369,0.26412,0.46699,False,0.27046,0.45437,False,0.1512,0.71748,0.25197,0.5068,0.22272,0.56408,0.37088,0.1466,False,0.40367,0.047573,False,0.31073,0.31262,0.37778,0.12621,0.37275,0.13786
20,0,451,False,0.060966,-0.012647,0.065351,0.010191,0.062389,0.0099792,0.045455,0.88847,False,0.046512,0.891,False,0,0.97972,0,0.9924,0,0.99113,0.2357,0.44613,False,0.10048,0.73511,False,0.12548,0.66667,0.10145,0.73764,0.10329,0.73004,0.33869,0.13181,False,0.24053,0.43093,False,0.2867,0.26616,0.27059,0.35361,0.27043,0.34854
20,1,412,False,0.050006,-0.019433,0.032791,-0.010811,0.040935,-0.0090546,0.047619,0.89855,False,0.13559,0.78623,False,0.058824,0.97947,0.055556,0.93478,0,0.9843,0.2539,0.45773,False,0.20468,0.58696,False,0.16532,0.70048,0.19872,0.62319,0.14798,0.73068,0.35311,0.14493,False,0.30303,0.28261,False,0.30118,0.28623,0.30528,0.26812,0.29032,0.32609
20,2,419,False,0.063672,-0.037454,0.067626,-0.061841,0.078278,-0.062184,0.08046,0.89403,False,0.13408,0.78197,False,0.058824,0.97929,0.054545,0.93301,0.096774,0.96224,0.26207,0.47016,False,0.21345,0.58343,False,0.16466,0.69671,0.21176,0.58587,0.20712,0.62363,0.37233,0.14616,False,0.34063,0.22046,False,0.31228,0.30572,0.34909,0.20097,0.34264,0.21437
20,3,417,False,0.048072,-0.013785,0.072891,0.024952,0.04312,0.0087501,0.074627,0.91859,False,0.1623,0.76792,False,0.066667,0.98177,0.09901,0.87728,0,0.99149,0.2698,0.50911,False,0.25824,0.55772,False,0.1659,0.73633,0.24771,0.60267,0.15385,0.79465,0.36284,0.16282,False,0.34543,0.22965,False,0.30566,0.35601,0.30882,0.339,0.2885,0.43985
20,4,413,False,0.057287,-0.026406,0.05775,-0.032826,0.05953,-0.02988,0.074074,0.90206,False,0.11538,0.81137,False,0.055556,0.97823,0.073684,0.88513,0.05,0.97582,0.26444,0.45586,False,0.20917,0.57799,False,0.16,0.6977,0.22572,0.5393,0.15891,0.68803,0.36441,0.14389,False,0.34003,0.21765,False,0.31409,0.28779,0.34446,0.20314,0.32167,0.27449
20,5,426,False,0.047847,-0.010353,0.047137,0.018315,0.042862,0.017323,0.073684,0.88329,False,0.12048,0.79607,False,0,0.9828,0.067961,0.87346,0,0.99386,0.25397,0.45823,False,0.21264,0.57248,False,0.16092,0.67936,0.2093,0.5774,0.13433,0.75307,0.34593,0.15479,False,0.28295,0.36609,False,0.29758,0.28993,0.29706,0.2887,0.27711,0.38821
20,6,411,False,0.055516,-0.041536,0.076664,-0.069257,0.082956,-0.075907,0.084337,0.89988,False,0.17544,0.72497,False,0.055556,0.97829,0.1369,0.79735,0.069767,0.94813,0.28837,0.4813,False,0.3011,0.45115,False,0.17886,0.70326,0.30197,0.44873,0.24848,0.60193,0.38319,0.1532,False,0.38307,0.15923,False,0.33215,0.32087,0.38252,0.15802,0.36882,0.19542
20,7,437,False,0.057776,-0.011789,0.057428,0.01257,0.050491,0.013316,0.0625,0.90037,False,0.067227,0.85181,False,0,0.98132,0,0.98007,0,0.99128,0.23973,0.45455,False,0.17288,0.63263,False,0.14226,0.70237,0.12442,0.72976,0.10383,0.7721,0.35007,0.132,False,0.25826,0.39726,False,0.28596,0.29016,0.26834,0.35492,0.26316,0.38481
20,8,424,False,0.063306,-0.0084449,0.052785,0.022642,0.05482,0.022977,0.070588,0.89583,False,0.077519,0.84191,False,0,0.98162,0.060976,0.89951,0,0.9951,0.25682,0.46078,False,0.21368,0.56985,False,0.16064,0.69485,0.19749,0.60907,0.12222,0.77941,0.34488,0.15074,False,0.27291,0.3848,False,0.29289,0.29289,0.29101,0.30515,0.27329,0.40809
20,9,425,False,0.061832,-0.027089,0.054928,-0.028251,0.061771,-0.031129,0.081081,0.9092,False,0.11429,0.82822,False,0.076923,0.98405,0.075758,0.91902,0.071429,0.98282,0.25995,0.47607,False,0.21791,0.58896,False,0.15217,0.71779,0.21148,0.59387,0.159,0.70675,0.3688,0.15828,False,0.32951,0.25153,False,0.30521,0.31656,0.32619,0.25521,0.31107,0.30184
20,10,421,False,0.083501,-0.031755,0.087237,-0.045647,0.086113,-0.045133,0.0625,0.90232,False,0.07874,0.84493,False,0,0.98168,0,0.98046,0,0.97436,0.25059,0.47863,False,0.15038,0.67521,False,0.12971,0.70818,0.13953,0.68498,0.1476,0.66911,0.36919,0.15995,False,0.31261,0.29304,False,0.30948,0.31746,0.31535,0.27595,0.31605,0.26984
20,11,423,False,0.06373,-0.023389,0.042196,-0.0090738,0.058124,-0.020246,0.075758,0.91922,False,0.10744,0.8519,False,0,0.98409,0.066667,0.9082,0,0.98531,0.27184,0.49572,False,0.23457,0.60343,False,0.14833,0.74419,0.23203,0.62546,0.13861,0.75275,0.37151,0.16646,False,0.34733,0.24235,False,0.30798,0.35618,0.32206,0.31212,0.3062,0.36842
20,12,450,False,0.051402,-0.015564,0.046801,0.0031427,0.051723,0.0022114,0.071429,0.89367,False,0.076923,0.83544,False,0,0.98481,0.070423,0.91013,0,0.99241,0.2542,0.47215,False,0.18243,0.62532,False,0.15447,0.68861,0.19231,0.60506,0.1401,0.73797,0.35417,0.14937,False,0.29779,0.31139,False,0.3027,0.29747,0.30481,0.28987,0.28317,0.36076
20,13,423,False,0.069804,-0.041719,0.084808,-0.068023,0.082076,-0.074427,0.10127,0.9033,False,0.14208,0.77601,False,0.055556,0.97797,0.13907,0.81518,0.078947,0.95349,0.28972,0.47613,False,0.29399,0.45043,False,0.17316,0.71726,0.29478,0.46022,0.22756,0.61812,0.38416,0.16524,False,0.39281,0.14933,False,0.33092,0.32313,0.38596,0.16279,0.3727,0.20196
20,14,424,False,0.060592,-0.027732,0.060672,-0.035257,0.062814,-0.032914,0.084337,0.89828,False,0.16461,0.70221,False,0,0.98407,0.085938,0.84314,0.066667,0.98162,0.26906,0.45343,False,0.24227,0.52451,False,0.16929,0.68873,0.25962,0.4902,0.17537,0.67157,0.36508,0.15074,False,0.33651,0.22794,False,0.31624,0.28309,0.35445,0.1875,0.32113,0.26348
20,15,455,False,0.046873,-0.022041,0.04497,-0.01424,0.044181,-0.015268,0.076923,0.90064,False,0.13559,0.77452,False,0,0.98344,0.039216,0.93503,0,0.98599,0.2542,0.46879,False,0.23429,0.55414,False,0.16878,0.69809,0.20805,0.62038,0.15315,0.7172,0.35586,0.15159,False,0.30314,0.31083,False,0.30515,0.30701,0.30728,0.2828,0.29524,0.33121
20,16,433,False,0.043962,0.032273,0.13034,0.12972,0.13628,0.13597,0.041667,0.88104,False,,1,True,0.052632,0.97646,0,0.99628,,1,0.20386,0.42255,False,0.058824,0.81041,False,0.12057,0.65056,0.048611,0.82156,0.024691,0.89963,0.29143,0.13259,False,0.14715,0.58736,False,0.25604,0.23048,0.17313,0.52045,0.13333,0.60967
20,17,437,False,0.04463,-0.0045385,0.044707,0.031062,0.04409,0.03398,0.058824,0.89415,False,0.10274,0.81818,False,0.066667,0.98132,0.045455,0.91781,0,0.99751,0.24434,0.44956,False,0.1806,0.62765,False,0.15041,0.69365,0.17627,0.63263,0.11377,0.79203,0.34538,0.13823,False,0.28864,0.33126,False,0.29617,0.28518,0.28702,0.3188,0.25164,0.43088
20,18,433,False,0.051954,-0.037078,0.068463,-0.056054,0.067896,-0.059024,0.10256,0.90335,False,0.17031,0.71623,False,0.055556,0.9777,0.13287,0.8228,0.1,0.96283,0.27553,0.47831,False,0.27157,0.51177,False,0.17959,0.69641,0.27635,0.47088,0.22148,0.63073,0.37628,0.15366,False,0.36025,0.20198,False,0.32558,0.30731,0.37425,0.17224,0.3488,0.22553
20,19,428,False,0.067354,-0.028556,0.058837,-0.034117,0.059451,-0.035154,0.053333,0.90764,False,0.078947,0.85961,False,0,0.98768,0.021277,0.94212,0,0.98399,0.2623,0.47414,False,0.19529,0.63424,False,0.14783,0.71675,0.19481,0.62069,0.15854,0.69704,0.37048,0.14901,False,0.33814,0.23153,False,0.307,0.31404,0.32562,0.25493,0.31542,0.28941
20,20,441,False,0.045273,-0.00042918,0.058835,0.043594,0.055347,0.044519,0.048193,0.89612,False,0.075,0.84981,False,0,0.98123,0,0.97121,0,0.9975,0.22706,0.45432,False,0.16491,0.6433,False,0.14226,0.70088,0.11818,0.72466,0.10204,0.81602,0.33284,0.15394,False,0.20948,0.49812,False,0.28647,0.28786,0.24949,0.38798,0.22791,0.46183
20,21,409,False,0.059308,-0.022053,0.042017,-0.014512,0.050234,-0.01683,0.065789,0.90854,False,0.11806,0.82671,False,0,0.98676,0.040816,0.94103,0,0.98797,0.25747,0.47653,False,0.19805,0.62936,False,0.14474,0.72563,0.19661,0.64501,0.12963,0.74007,0.36568,0.1444,False,0.33017,0.23827,False,0.30769,0.32732,0.31507,0.29723,0.30387,0.34657
20,22,467,False,0.048329,-0.0091864,0.058933,0.015049,0.038212,0.018776,0.082353,0.89004,False,0.14925,0.73997,False,0.071429,0.98189,0.11972,0.8163,0,0.99353,0.25178,0.45537,False,0.22857,0.54722,False,0.17409,0.68047,0.23684,0.50841,0.13514,0.76067,0.34862,0.15395,False,0.29889,0.29884,False,0.30645,0.27814,0.31624,0.24321,0.27557,0.38034
20,23,429,False,0.042546,0.00016215,0.068904,0.048415,0.062649,0.048386,0.04878,0.89889,False,0.10667,0.81504,False,0.066667,0.9815,0.055556,0.97781,0,0.99877,0.22883,0.46116,False,0.17627,0.63625,False,0.14403,0.70037,0.125,0.74353,0.11111,0.82244,0.33333,0.1455,False,0.22892,0.48829,False,0.28521,0.29963,0.25265,0.41924,0.22749,0.47965
20,24,432,False,0.057291,-0.02647,0.053761,-0.030002,0.057436,-0.028743,0.076087,0.88614,False,0.087838,0.81683,False,0,0.98639,0.064935,0.9047,0,0.98515,0.25676,0.4505,False,0.1723,0.63366,False,0.14943,0.67698,0.20739,0.56436,0.15414,0.67079,0.36219,0.14233,False,0.30526,0.29455,False,0.3069,0.28218,0.33174,0.22401,0.31175,0.27351
20,25,421,False,0.064301,-0.024083,0.048944,-0.020508,0.060107,-0.022459,0.057971,0.91575,False,0.12752,0.81807,False,0.083333,0.98535,0.047619,0.97436,0.083333,0.98535,0.25829,0.48474,False,0.19932,0.63858,False,0.14747,0.73504,0.16183,0.70574,0.14554,0.73993,0.36204,0.16361,False,0.28868,0.35287,False,0.29314,0.34188,0.2967,0.33333,0.29026,0.34799
20,26,448,False,0.057168,-0.026137,0.055648,-0.027825,0.057561,-0.026833,0.050633,0.90025,False,0.066667,0.84848,False,0.071429,0.98232,0.10714,0.96465,0.071429,0.98232,0.24424,0.45202,False,0.18937,0.61995,False,0.15226,0.69318,0.16726,0.6452,0.15102,0.69066,0.36058,0.1351,False,0.30716,0.27652,False,0.30702,0.2803,0.30847,0.25505,0.30769,0.27778
20,27,420,False,0.044016,-0.0050074,0.057599,0.030132,0.047622,0.033219,0.068966,0.8939,False,0.125,0.77561,False,0.071429,0.98293,0.06383,0.94268,0,0.99634,0.23831,0.45244,False,0.20977,0.57561,False,0.15709,0.68171,0.16667,0.64878,0.13295,0.78902,0.33807,0.14146,False,0.2547,0.41585,False,0.28836,0.27683,0.27667,0.32561,0.25314,0.41707
20,28,394,False,0.063662,-0.01419,0.043289,0.0071203,0.043244,0.0071249,0.035714,0.90071,False,0.062992,0.84988,False,0,0.98345,0,0.99054,0,0.99291,0.24459,0.4539,False,0.15278,0.65957,False,0.13306,0.70686,0.11111,0.75532,0.10553,0.76478,0.34945,0.14421,False,0.25553,0.41253,False,0.29125,0.29787,0.26692,0.37116,0.26755,0.37707
20,29,449,False,0.038019,-0.004135,0.061976,0.026003,0.049199,0.033456,0.069767,0.89128,False,0.17094,0.70417,False,0.0625,0.97977,0.080645,0.84324,0,0.99494,0.25114,0.44627,False,0.21875,0.55499,False,0.1811,0.67889,0.22466,0.53856,0.13873,0.78129,0.34261,0.13654,False,0.28652,0.32491,False,0.29289,0.27054,0.2911,0.26169,0.26124,0.40961
20,30,436,False,0.062842,-0.03624,0.07526,-0.056066,0.073061,-0.056275,0.084337,0.89677,False,0.15865,0.74129,False,0.076923,0.98383,0.15333,0.81343,0.043478,0.97139,0.27972,0.46642,False,0.25389,0.5199,False,0.16598,0.70025,0.28276,0.45896,0.19377,0.64055,0.38192,0.14677,False,0.38018,0.1592,False,0.3262,0.30224,0.37834,0.16169,0.34566,0.22637
20,31,421,False,0.043379,-0.01349,0.061327,0.012414,0.045554,0.008638,0.074074,0.9011,False,0.14976,0.74725,False,0.055556,0.97802,0.068966,0.89377,0,0.98901,0.25059,0.47863,False,0.22157,0.5812,False,0.16733,0.69353,0.22356,0.59585,0.14925,0.75458,0.34877,0.15629,False,0.28433,0.36874,False,0.2963,0.30769,0.29772,0.30281,0.28088,0.38706
20,32,456,False,0.055001,-0.030722,0.062691,-0.03231,0.059758,-0.038959,0.098592,0.90944,False,0.18943,0.71046,False,0.090909,0.98597,0.13223,0.84566,0.071429,0.98214,0.27901,0.48342,False,0.23404,0.58036,False,0.18807,0.72194,0.26525,0.51913,0.18565,0.6977,0.37973,0.15689,False,0.36609,0.19515,False,0.31749,0.32908,0.35207,0.22832,0.32545,0.29847
20,33,419,False,0.052662,-0.028633,0.071671,-0.027715,0.056594,-0.036252,0.076923,0.90499,False,0.16509,0.74178,False,0,0.98417,0.13907,0.81608,0.0625,0.98051,0.27972,0.47747,False,0.2725,0.51279,False,0.17749,0.71864,0.27654,0.5067,0.18145,0.69793,0.37877,0.15104,False,0.3635,0.19245,False,0.31949,0.32521,0.34906,0.22533,0.32292,0.29842
20,34,419,False,0.057265,-0.03092,0.05898,-0.04187,0.056762,-0.042875,0.083333,0.9123,False,0.15271,0.75274,False,0.071429,0.98295,0.10185,0.86845,0.052632,0.97686,0.2746,0.46772,False,0.26617,0.51035,False,0.16525,0.71255,0.26142,0.5201,0.18045,0.676,0.37037,0.14495,False,0.34123,0.22899,False,0.31746,0.30938,0.35061,0.20097,0.32947,0.26431
20,35,445,False,0.067724,-0.031451,0.06732,-0.042845,0.073099,-0.04175,0.085366,0.89686,False,0.11034,0.81761,False,0.076923,0.98365,0.094595,0.90692,0.058824,0.97862,0.26437,0.45283,False,0.22384,0.5673,False,0.16183,0.69686,0.22507,0.55849,0.17228,0.66415,0.36618,0.14465,False,0.32107,0.2478,False,0.31504,0.28931,0.34019,0.20503,0.32101,0.25157
20,36,421,False,0.055946,-0.01881,0.04908,-0.0047949,0.047803,-0.0066141,0.068493,0.91087,False,0.064815,0.86813,False,0.076923,0.98413,0.058824,0.97924,0,0.98779,0.24578,0.49328,False,0.1597,0.67888,False,0.13636,0.73138,0.13636,0.73138,0.12821,0.7619,0.35756,0.15995,False,0.30862,0.29182,False,0.29236,0.34432,0.28988,0.37241,0.28657,0.39072
20,37,435,False,0.054311,-0.014315,0.062936,0.027411,0.055234,0.0069739,0.081967,0.92422,False,0.13287,0.82236,False,0,0.98385,0.10753,0.88447,0,0.99006,0.27041,0.51304,False,0.25989,0.56025,False,0.15578,0.7528,0.23667,0.62733,0.13291,0.80373,0.36677,0.17019,False,0.3339,0.26335,False,0.3083,0.37143,0.30814,0.35901,0.28798,0.45217
20,38,455,False,0.053798,-0.028281,0.055488,-0.038031,0.057531,-0.032138,0.066667,0.88535,False,0.14623,0.72994,False,0.0625,0.97962,0.067961,0.86879,0.055556,0.97707,0.26244,0.43694,False,0.18033,0.61146,False,0.16604,0.66242,0.22938,0.50573,0.16788,0.65096,0.35503,0.13885,False,0.32242,0.22166,False,0.31453,0.25478,0.34462,0.17197,0.31544,0.24076
20,39,424,False,0.041871,-0.0023207,0.051554,0.03944,0.056353,0.040811,0.041667,0.88235,False,,1,True,0.055556,0.97794,0,0.98652,0,0.99755,0.22768,0.45098,False,0.12903,0.69608,False,0.13653,0.66789,0.11058,0.7451,0.089888,0.78186,0.33333,0.125,False,0.20925,0.49632,False,0.28595,0.26716,0.25,0.39706,0.23504,0.42647
20,40,420,False,0.057232,-0.018046,0.055972,-0.0038555,0.058231,-0.0047075,0.072289,0.89878,False,0.10204,0.82073,False,0.052632,0.97683,0.068966,0.96463,0,0.98293,0.24771,0.46829,False,0.19667,0.63415,False,0.15041,0.7,0.14625,0.69146,0.13364,0.73537,0.35065,0.15488,False,0.28625,0.35244,False,0.29277,0.30854,0.2865,0.33171,0.28598,0.3561
20,41,411,False,0.075351,-0.052271,0.11032,-0.10577,0.11725,-0.11026,0.074627,0.91918,False,0.14205,0.7877,False,0,0.98794,0.13445,0.85645,0.066667,0.94572,0.29767,0.4813,False,0.31677,0.41737,False,0.16268,0.74789,0.30702,0.44994,0.26902,0.55609,0.40057,0.15682,False,0.42912,0.055489,False,0.33577,0.33896,0.40952,0.11339,0.40966,0.12545
20,42,443,False,0.047582,-0.020332,0.051202,-0.01313,0.045895,-0.011157,0.057471,0.89084,False,0.085714,0.82434,False,0,0.97992,0.064516,0.9611,0,0.98494,0.25167,0.43664,False,0.19094,0.6123,False,0.1635,0.67001,0.17483,0.64115,0.15,0.69887,0.34061,0.13802,False,0.27413,0.35006,False,0.29153,0.25972,0.29252,0.26223,0.28419,0.2936
20,43,454,False,0.055361,-0.013552,0.040734,0.0042862,0.053385,0.0076798,0.05814,0.89059,False,0.13587,0.7659,False,0.071429,0.98219,0.042553,0.9402,0,0.99237,0.24831,0.43639,False,0.18152,0.6145,False,0.15726,0.68448,0.17361,0.63359,0.13065,0.74682,0.34328,0.14758,False,0.27647,0.35115,False,0.29391,0.26845,0.29152,0.2799,0.27734,0.3486
20,44,441,False,0.059402,-0.012558,0.043473,0.012808,0.044831,0.01092,0.066667,0.90613,False,0.079646,0.85857,False,0,0.97997,0.055556,0.95494,0,0.98999,0.24941,0.46809,False,0.19661,0.63079,False,0.14912,0.71464,0.15102,0.69337,0.11732,0.77597,0.34918,0.1577,False,0.28291,0.36295,False,0.2878,0.31289,0.28215,0.34793,0.27557,0.4005
20,45,411,False,0.070347,-0.034005,0.068909,-0.045469,0.079412,-0.053459,0.08,0.90953,False,0.10236,0.8468,False,0,0.98794,0.064516,0.88782,0,0.97708,0.27553,0.49216,False,0.26166,0.53438,False,0.15044,0.72738,0.24586,0.56333,0.17407,0.67431,0.38261,0.16767,False,0.37761,0.1918,False,0.3211,0.34258,0.36177,0.23643,0.34768,0.27141
20,46,419,False,0.053098,-0.02322,0.048922,-0.020361,0.049914,-0.020081,0.05,0.90256,False,0.048077,0.87333,False,0,0.99026,0.052632,0.97686,0,0.99026,0.24661,0.46163,False,0.19062,0.61023,False,0.15041,0.70037,0.16788,0.66626,0.14706,0.71011,0.35159,0.15469,False,0.27778,0.36419,False,0.30189,0.28989,0.30236,0.27893,0.29617,0.30085
20,47,423,False,0.058899,-0.016079,0.03893,0.0059965,0.051538,0.0010956,0.078947,0.90698,False,0.10236,0.84455,False,0,0.98164,0.060606,0.91922,0,0.98898,0.24882,0.48348,False,0.21829,0.58507,False,0.14537,0.72215,0.20328,0.62668,0.12299,0.77111,0.36204,0.16157,False,0.31207,0.29009,False,0.30018,0.32313,0.30605,0.31212,0.27888,0.38556
20,48,413,False,0.039106,0.0063057,0.071681,0.060648,0.070711,0.066939,0.053763,0.88755,False,0.1236,0.78476,False,0.055556,0.97823,0.045455,0.9734,,1,0.22803,0.42201,False,0.14022,0.67231,False,0.13978,0.66264,0.12121,0.72068,0.082759,0.82467,0.32222,0.12938,False,0.22345,0.45345,False,0.27592,0.24184,0.24366,0.37969,0.2164,0.46917
20,49,439,False,0.059375,-0.029037,0.048151,-0.021877,0.058073,-0.035875,0.084507,0.91136,False,0.13889,0.82022,False,0,0.99001,0.084211,0.8814,0,0.98752,0.27481,0.50936,False,0.26136,0.56055,False,0.17157,0.74532,0.25228,0.58926,0.1789,0.72784,0.38416,0.16479,False,0.37713,0.19226,False,0.30966,0.36704,0.33919,0.28964,0.31879,0.34207
