eval,bin,n,groups,base_rate,crit_err_rate,P1_review_rate_at_eka10,P1_accepted_err_at_eka10,P3_review_rate_at_eka10,P3_accepted_err_at_eka10,P3_mean_p,P3_citl,P3_ece,P3_citl_lo,P3_citl_hi,P3-conf_review_rate_at_eka10,P3-conf_accepted_err_at_eka10,P3-conf_mean_p,P3-conf_citl,P3-conf_ece,P3-conf_citl_lo,P3-conf_citl_hi
eka_test,1-9,620,8,0.59516,0.032258,0.15323,0.55429,0.18065,0.53543,0.5128,-0.082358,0.085875,-0.15732,0.095962,0.18226,0.53057,0.52638,-0.068778,0.091132,-0.13995,0.095203
eka_test,10-30,134,25,0.30597,0.15672,0.0074627,0.30075,0.029851,0.28462,0.29344,-0.012529,0.081302,-0.1087,0.074042,0.022388,0.29008,0.28522,-0.020748,0.08155,-0.12105,0.06501
eka_test,31-50,292,22,0.16781,0.047945,0.017123,0.15331,0.034247,0.14184,0.23771,0.069906,0.076689,0.036566,0.095481,0.030822,0.14488,0.22822,0.06041,0.084302,0.027036,0.085653
eka_test,>50,2,2,0,0,0,0,0,0,0.40251,0.40251,0.40251,,,0,0,0.37138,0.37138,0.37138,,
eka_test,matched 25-41,361,12,0.18006,0.066482,0.01662,0.1662,0.024931,0.15909,0.22826,0.048204,0.060441,0.00016737,0.096211,0.019391,0.16384,0.21998,0.039921,0.056487,-0.0083718,0.084947
pm_window_test,1-9,3,3,0,0,0,0,0,0,0.53692,0.53692,0.53692,,,0,0,0.58555,0.58555,0.58555,,
pm_window_test,10-30,40,27,0.5,0.125,0,0.5,0.075,0.48649,0.43961,-0.060386,0.22606,-0.20125,0.073672,0.075,0.45946,0.43797,-0.062034,0.24321,-0.2018,0.068888
pm_window_test,31-50,169,46,0.45562,0.24852,0,0.45562,0.065089,0.41772,0.44562,-0.010002,0.089311,-0.081958,0.086046,0.04142,0.4321,0.41273,-0.042893,0.068113,-0.11591,0.054438
pm_window_test,>50,834,47,0.40048,0.23022,0,0.40048,0.029976,0.38443,0.38432,-0.01616,0.065881,-0.052973,0.017218,0.019185,0.38998,0.35876,-0.041715,0.064775,-0.079278,-0.0078463
pm_window_test,matched 25-41,88,39,0.47727,0.22727,0,0.47727,0.090909,0.425,0.44876,-0.028512,0.14391,-0.13743,0.084716,0.068182,0.43902,0.4226,-0.054671,0.13897,-0.16375,0.059604
pm_turn_test,1-9,2700,47,0.28852,0.053704,0.12148,0.25253,0.12407,0.2444,0.4008,0.11228,0.11975,0.095512,0.13131,0.17815,0.22713,0.46904,0.18052,0.18052,0.16442,0.19988
pm_turn_test,10-30,2157,47,0.30876,0.043579,0.00046361,0.30844,0.02318,0.29663,0.29162,-0.017141,0.034176,-0.039549,0.004482,0.032452,0.29516,0.3325,0.02374,0.031395,0.0014788,0.04477
pm_turn_test,31-50,448,47,0.28348,0.078125,0,0.28348,0.0044643,0.28027,0.28556,0.0020736,0.050153,-0.036223,0.047757,0.011161,0.2754,0.31826,0.034783,0.055937,-0.0030713,0.081787
pm_turn_test,>50,72,35,0.30556,0.125,0,0.30556,0.013889,0.29577,0.29705,-0.0085066,0.094574,-0.12056,0.089488,0.013889,0.29577,0.32221,0.016658,0.18262,-0.098136,0.11154
pm_turn_test,matched 25-41,706,47,0.3102,0.05949,0,0.3102,0.0042493,0.30725,0.29138,-0.018823,0.067544,-0.0551,0.015866,0.009915,0.30329,0.32636,0.016161,0.045545,-0.018946,0.048986
