draw,citl_windows,ece_windows_minus_eka,miss_windows_minus_eka,base_rate_windows
0,-0.066124,0.03084,0.23523,0.30593
1,-0.031455,0.011945,0.21661,0.28489
2,-0.075152,0.020504,0.20415,0.30975
3,-0.015743,-0.0034537,0.22951,0.28872
4,0.014989,-0.010417,0.19585,0.26673
5,-0.069308,0.041566,0.21849,0.31549
6,-0.037678,0.0091491,0.20422,0.31166
7,0.0088623,-0.0018735,0.17242,0.28681
8,0.01659,0.045672,0.23186,0.29732
9,-0.034776,0.01712,0.24534,0.29924
10,-0.0083164,0.027638,0.20076,0.29541
11,-0.036138,0.01758,0.21575,0.27916
12,0.0010957,-0.005904,0.22965,0.30784
13,-0.033686,0.0032563,0.20265,0.30593
14,-0.026256,0.012689,0.1965,0.29732
15,0.025204,-0.00077211,0.15947,0.30975
16,0.0096273,0.01365,0.18434,0.31262
17,-0.024846,0.030267,0.20516,0.3021
18,-0.052077,0.00079476,0.22332,0.30975
19,0.0902,0.046137,0.081808,0.31166
20,-0.037658,-0.0025836,0.22999,0.3021
21,-0.015739,0.018191,0.15766,0.28967
22,-0.02589,0.015668,0.22699,0.29159
23,-0.040478,0.027543,0.20394,0.2935
24,-0.056159,0.015934,0.24636,0.3021
25,-0.046284,0.0056232,0.19732,0.30306
26,0.019395,-0.011292,0.17918,0.30593
27,-0.068871,0.04546,0.21993,0.3021
28,-0.01498,0.028294,0.18992,0.30019
29,-0.046436,0.0023671,0.24394,0.30306
30,-0.053866,-0.0010928,0.20535,0.29732
31,-0.0047715,-0.020871,0.17299,0.30593
32,-0.061268,0.014369,0.21969,0.31644
33,-0.047255,0.0088168,0.22059,0.30306
34,-0.054744,0.012591,0.20259,0.31262
35,-0.070683,0.038804,0.22423,0.31453
36,-0.01786,-0.0074029,0.19868,0.27342
37,0.0059701,0.011574,0.19427,0.31166
38,-0.075557,0.036592,0.21925,0.32983
39,0.0095881,0.0056229,0.19136,0.31358
40,0.025937,-0.0019163,0.14999,0.31071
41,0.078681,0.033643,0.13836,0.28107
42,-0.047842,0.01488,0.22329,0.28776
43,0.053068,0.016588,0.16593,0.29732
44,-0.11262,0.076982,0.23156,0.3174
45,-0.1237,0.082072,0.25217,0.31071
46,-0.078837,0.018201,0.24076,0.31931
47,-0.0058501,0.01306,0.17079,0.30497
48,-0.068702,0.022466,0.21235,0.29063
49,-0.023207,-0.016479,0.17319,0.28585
50,0.0045516,-0.006994,0.16496,0.29159
51,-0.04519,0.022545,0.21181,0.31453
52,-0.021752,-9.9012e-05,0.22671,0.27342
53,-0.073384,0.014999,0.20099,0.3021
54,-0.069574,0.040667,0.23973,0.31166
55,-0.0091064,-0.0039601,0.15761,0.28394
56,-0.05013,0.0053545,0.23408,0.29924
57,-0.08222,0.042898,0.23629,0.30019
58,0.011613,0.02424,0.17441,0.29541
59,-0.0015778,-0.0015202,0.20149,0.29828
60,-0.082015,0.040999,0.23725,0.30688
61,-0.079688,0.033999,0.23323,0.30402
62,-0.017942,-0.0146,0.18039,0.28681
63,-0.039783,0.015391,0.22319,0.30115
64,-0.067101,-0.0014626,0.23903,0.3088
65,-0.030594,0.022831,0.23323,0.28872
66,-0.060565,0.0037476,0.18866,0.32314
67,0.022433,-0.011129,0.17062,0.30402
68,-0.0066134,0.020259,0.20469,0.30115
69,-0.024464,-0.00022775,0.20385,0.28681
70,-0.04506,0.013513,0.19919,0.30784
71,0.026147,0.001298,0.16111,0.28298
72,-0.014199,0.0048717,0.23364,0.28967
73,0.0015474,-0.0096146,0.1521,0.29732
74,-0.03638,0.017563,0.20485,0.31262
75,-0.020419,0.020509,0.16497,0.29828
76,-0.046078,0.028607,0.21503,0.29637
77,-0.058324,0.019349,0.21489,0.29924
78,-0.022021,0.0093806,0.23344,0.29063
79,0.061653,0.0096464,0.18044,0.30497
80,-0.084761,0.045495,0.21168,0.3174
81,-0.054141,-0.0023965,0.21949,0.29732
82,0.0050438,0.037479,0.20168,0.30593
83,-0.063413,0.025991,0.1719,0.30975
84,0.021766,-0.02147,0.17093,0.30784
85,-0.072336,0.034461,0.23907,0.32409
86,-0.07127,0.026606,0.21325,0.31836
87,-0.01411,0.0074138,0.18898,0.29159
88,-0.072671,0.02614,0.21214,0.31262
89,0.0047089,0.025504,0.20034,0.30402
90,-0.049943,0.02838,0.23842,0.2935
91,-0.070825,0.030708,0.2255,0.29828
92,-0.04349,0.0076342,0.17251,0.30306
93,-0.058965,0.027887,0.22325,0.31931
94,0.009734,0.012464,0.1749,0.28203
95,0.013948,0.010294,0.18478,0.32505
96,0.010025,0.0066081,0.18594,0.29446
97,-0.049693,0.029414,0.20579,0.31836
98,0.012803,0.017605,0.20475,0.3088
99,-0.037252,0.010428,0.1878,0.29637
