hypothesis,metric,P3,P4,diff,diff_lo,diff_hi
H3a,ece,0.057677,0.063031,0.0053547,-0.022758,0.031042
H3a,brier,0.1961,0.19599,-0.0001056,-0.001997,0.0017525
H3a,abs_citl,0.01527,0.0070708,-0.0081995,-0.022593,0.022611
H3b,risk_0.10:accepted_err_rate,0.056604,,,,
H3b,risk_0.10:review_rate,0.89866,1,0.10134,0.07637,0.12953
H3c,plugin_0.10:accepted_err_rate,0.055556,0,-0.055556,-0.11111,0
H3c,plugin_0.10:review_rate,0.98279,0.99618,0.013384,0.0060421,0.021781
H3b,risk_0.20:accepted_err_rate,0.2459,0.12644,-0.11946,-0.16252,-0.079864
H3b,risk_0.20:review_rate,0.47514,0.75048,0.27533,0.248,0.30602
H3c,plugin_0.20:accepted_err_rate,0.14286,0.12069,-0.022167,-0.04476,0.0076358
H3c,plugin_0.20:review_rate,0.69885,0.7782,0.07935,0.067811,0.091966
H3b,risk_0.30:accepted_err_rate,0.35393,0.25483,-0.0991,-0.11983,-0.075338
H3b,risk_0.30:review_rate,0.14914,0.45602,0.30688,0.26893,0.34188
H3c,plugin_0.30:accepted_err_rate,0.29752,0.27113,-0.026388,-0.03728,-0.010561
H3c,plugin_0.30:review_rate,0.30593,0.40057,0.094646,0.087293,0.10276
