eval,policy,probabilistic,n,base_rate,mean_p,ece,brier,citl,ece_lo,ece_hi,brier_lo,brier_hi,citl_lo,citl_hi
eka_test,P1,False,1048,0.052481,0.3171,0.26462,0.14052,0.26462,0.12782,0.31537,0.091899,0.16093,0.12782,0.31537
eka_test,P3,True,1048,0.052481,0.055787,0.0087815,0.046442,0.003306,0.0072583,0.028224,0.034323,0.06687,-0.0077571,0.016255
eka_test,P3-conf,True,1048,0.052481,0.057232,0.014608,0.046501,0.004751,0.0095691,0.037562,0.034373,0.066677,-0.010978,0.016349
pm_window_test,P1,False,1046,0.22849,0.21074,0.019832,0.1732,-0.017745,0.012542,0.052536,0.1574,0.18783,-0.042761,0.007901
pm_window_test,P3,True,1046,0.22849,0.11423,0.11866,0.19211,-0.11426,0.094438,0.14565,0.1715,0.21204,-0.13981,-0.086283
pm_window_test,P3-conf,True,1046,0.22849,0.13192,0.10893,0.18596,-0.096569,0.08179,0.13357,0.16708,0.20402,-0.12219,-0.07147
pm_window_test,P4,True,1046,0.22849,0.24016,0.017772,0.17679,0.011669,0.0081791,0.045618,0.16256,0.18995,-0.014132,0.037897
pm_window_test,P4-refit,True,1046,0.22849,0.24607,0.042724,0.17355,0.017584,0.031127,0.069937,0.16141,0.18539,-0.0092512,0.042987
pm_window_test,ceiling,True,1046,0.22849,0.22738,0.021829,0.16692,-0.0011083,,,,,,
pm_turn_test,P1,False,5377,0.052632,0.32179,0.26916,0.12915,0.26916,0.25985,0.27769,0.12518,0.13377,0.25985,0.27769
pm_turn_test,P3,True,5377,0.052632,0.056203,0.013783,0.048397,0.0035717,0.008519,0.023239,0.041923,0.056324,-0.0039891,0.010427
pm_turn_test,P3-conf,True,5377,0.052632,0.057589,0.0067677,0.048836,0.0049573,0.0044173,0.013146,0.042242,0.056221,-0.0023833,0.011766
pm_turn_test,P4,True,5377,0.052632,0.051399,0.0048202,0.048401,-0.0012323,0.0034417,0.013658,0.041738,0.05611,-0.0086616,0.0058427
pm_turn_test,P4-refit,True,5377,0.052632,0.050351,0.0039662,0.047415,-0.0022802,0.0029155,0.013396,0.041103,0.055336,-0.0096469,0.0045972
pm_turn_test,ceiling,True,5377,0.052632,0.052228,0.0026276,0.047254,-0.00040341,,,,,,
