eval,policy,auroc,aurc,aurc_wer,auroc_lo,auroc_hi
eka_test,P1,0.47433,0.055599,0.060046,0.39252,0.60216
eka_test,P2,0.68802,0.031576,0.060438,0.59469,0.84398
eka_test,P2-rawCR,0.58167,0.039946,0.41934,0.40948,0.64887
eka_test,P3,0.7541,0.019491,0.12319,0.70135,0.82151
eka_test,P3-conf,0.74002,0.021098,0.10403,0.68169,0.83137
eka_test,oracle,,0.0014269,0.032079,,
pm_window_test,P1,0.59364,0.18433,0.075782,0.54822,0.63586
pm_window_test,P2,0.52311,0.20145,0.08403,0.48728,0.55231
pm_window_test,P2-rawCR,0.48759,0.22711,0.12351,0.44845,0.52526
pm_window_test,P3,0.52167,0.22142,0.090297,0.48065,0.56527
pm_window_test,P3-conf,0.58076,0.17749,0.084451,0.54214,0.62314
pm_window_test,P1-retuned,0.59364,0.18433,0.075782,0.54822,0.63586
pm_window_test,P2-retuned,0.52311,0.20145,0.08403,0.48728,0.55231
pm_window_test,P4,0.52167,0.22142,0.090297,0.48065,0.56527
pm_window_test,P4-refit,0.60178,0.16783,0.088941,0.56956,0.6345
pm_window_test,ceiling,0.65205,0.15207,0.072943,,
pm_window_test,oracle,,0.028465,0.047269,,
pm_turn_test,P1,0.63196,0.037341,0.065546,0.59028,0.66841
pm_turn_test,P2,0.63921,0.035798,0.066316,0.60412,0.6733
pm_turn_test,P2-rawCR,0.49046,0.055408,0.15313,0.43859,0.55315
pm_turn_test,P3,0.66088,0.030129,0.074011,0.61156,0.70199
pm_turn_test,P3-conf,0.69545,0.026148,0.063732,0.6558,0.73247
pm_turn_test,P1-retuned,0.63196,0.037341,0.065546,0.59028,0.66841
pm_turn_test,P2-retuned,0.63921,0.035798,0.066316,0.60412,0.6733
pm_turn_test,P4,0.66088,0.030129,0.074011,0.61156,0.70199
pm_turn_test,P4-refit,0.7265,0.023813,0.055063,0.69151,0.76815
pm_turn_test,ceiling,0.73373,0.023346,0.053043,,
pm_turn_test,oracle,,0.0014149,0.019904,,
