set,feature,mean,shift_sd
eka_calibration,mean_logprob,-0.5028,0
eka_calibration,min_seg_logprob,-0.50684,0
eka_calibration,word_p_mean,0.76699,0
eka_calibration,word_p_min,0.43944,0
eka_calibration,word_p_q10,0.60294,0
eka_calibration,word_frac_low,0.15114,0
eka_calibration,nsp_max,0.13262,0
eka_calibration,cr_max,1.0015,0
eka_calibration,rep3,0.004944,0
eka_calibration,fallback,0.03125,0
eka_calibration,log_words,2.3436,0
eka_calibration,log_duration,1.8913,0
eka_calibration,words_per_s,1.5379,0
eka_calibration,n_segments,1.7236,0
eka_calibration,empty_hyp,0.0012019,0
eka_calibration,conf,0.62518,0
eka_test,mean_logprob,-0.53179,-0.10739
eka_test,min_seg_logprob,-0.53428,-0.10152
eka_test,word_p_mean,0.74902,-0.11038
eka_test,word_p_min,0.42315,-0.084949
eka_test,word_p_q10,0.58073,-0.11353
eka_test,word_frac_low,0.17314,0.096867
eka_test,nsp_max,0.16035,0.18867
eka_test,cr_max,0.98078,-0.05757
eka_test,rep3,0.0038272,-0.046084
eka_test,fallback,0.030534,-0.0041119
eka_test,log_words,2.2794,-0.060216
eka_test,log_duration,1.8115,-0.10873
eka_test,words_per_s,1.517,-0.026327
eka_test,n_segments,1.6851,-0.037682
eka_test,empty_hyp,0.004771,0.10298
eka_test,conf,0.61023,-0.098344
pm_window_test,mean_logprob,-0.29226,0.77991
pm_window_test,min_seg_logprob,-0.34901,0.58378
pm_window_test,word_p_mean,0.87582,0.66849
pm_window_test,word_p_min,0.19924,-1.2522
pm_window_test,word_p_q10,0.60161,-0.00677
pm_window_test,word_frac_low,0.07801,-0.32202
pm_window_test,nsp_max,0.18032,0.32449
pm_window_test,cr_max,1.5564,1.5405
pm_window_test,rep3,0.012829,0.32539
pm_window_test,fallback,0.013384,-0.10265
pm_window_test,log_words,4.0835,1.6311
pm_window_test,log_duration,3.1695,1.7406
pm_window_test,words_per_s,2.5096,1.2235
pm_window_test,n_segments,5.5822,3.7823
pm_window_test,empty_hyp,0,-0.034679
pm_window_test,conf,0.74884,0.81339
pm_turn_test,mean_logprob,-0.43818,0.23939
pm_turn_test,min_seg_logprob,-0.43831,0.25349
pm_turn_test,word_p_mean,0.77565,0.053183
pm_turn_test,word_p_min,0.39869,-0.21246
pm_turn_test,word_p_q10,0.57295,-0.15327
pm_turn_test,word_frac_low,0.18002,0.12719
pm_turn_test,nsp_max,0.067143,-0.44547
pm_turn_test,cr_max,0.88826,-0.31442
pm_turn_test,rep3,0.0028602,-0.085985
pm_turn_test,fallback,0.011126,-0.11563
pm_turn_test,log_words,2.2155,-0.12012
pm_turn_test,log_duration,1.2612,-0.85813
pm_turn_test,words_per_s,2.3327,1.0007
pm_turn_test,n_segments,1.2418,-0.47223
pm_turn_test,empty_hyp,0.0018543,0.018822
pm_turn_test,conf,0.6582,0.21722
