set,bin,lo,hi,n,mean_p,frac_err
eka_test,0,0,0.1,12334,0.017262,0.039241
eka_test,1,0.1,0.2,1265,0.14577,0.1249
eka_test,2,0.2,0.3,1002,0.24859,0.16966
eka_test,3,0.3,0.4,676,0.34741,0.2855
eka_test,4,0.4,0.5,449,0.448,0.43653
eka_test,5,0.5,0.6,284,0.54711,0.47183
eka_test,6,0.6,0.7,176,0.64384,0.48295
eka_test,7,0.7,0.8,103,0.74321,0.60194
eka_test,8,0.8,0.9,58,0.84553,0.65517
eka_test,9,0.9,1,32,0.95484,0.8125
pm_window_test,0,0,0.1,52825,0.013582,0.015939
pm_window_test,1,0.1,0.2,4530,0.14445,0.069095
pm_window_test,2,0.2,0.3,2741,0.24692,0.11054
pm_window_test,3,0.3,0.4,2052,0.34701,0.14864
pm_window_test,4,0.4,0.5,1455,0.44788,0.21168
pm_window_test,5,0.5,0.6,1000,0.54709,0.196
pm_window_test,6,0.6,0.7,666,0.64668,0.23273
pm_window_test,7,0.7,0.8,472,0.74744,0.23941
pm_window_test,8,0.8,0.9,289,0.84647,0.25952
pm_window_test,9,0.9,1,211,0.93813,0.26066
pm_turn_test,0,0,0.1,49846,0.016911,0.017053
pm_turn_test,1,0.1,0.2,5635,0.14506,0.067791
pm_turn_test,2,0.2,0.3,3677,0.24843,0.10253
pm_turn_test,3,0.3,0.4,2877,0.3482,0.12478
pm_turn_test,4,0.4,0.5,2227,0.44829,0.15043
pm_turn_test,5,0.5,0.6,1584,0.54614,0.19066
pm_turn_test,6,0.6,0.7,967,0.64717,0.23371
pm_turn_test,7,0.7,0.8,620,0.74535,0.30161
pm_turn_test,8,0.8,0.9,364,0.84398,0.40385
pm_turn_test,9,0.9,1,116,0.93165,0.46552
