policy,point,consultations,review_min_per_consult,audio_min_per_consult,acc_err_windows_per_consult,consult_with_acc_err,acc_crit_errors_per_consult,consult_with_acc_crit_error
P1,budget_0.05,47,0.0012137,9.1638,11.787,1,9.6809,1
P1,budget_0.10,47,0.0012137,9.1638,11.787,1,9.6809,1
P1,risk_0.20,47,3.764,9.1638,5.1277,1,4.2766,0.93617
P3,budget_0.05,47,0.0098026,9.1638,11.787,1,9.6809,1
P3,budget_0.10,47,0.057624,9.1638,11.702,1,9.617,1
P3,risk_0.20,47,5.4756,9.1638,3.1489,0.97872,3,0.87234
P3,plugin_0.20,47,6.9498,9.1638,1.6596,0.85106,1.6383,0.68085
P1-retuned,budget_0.05,47,0.46589,9.1638,10.574,1,8.8511,1
P1-retuned,budget_0.10,47,1.1777,9.1638,9.1702,1,8,0.97872
P1-retuned,risk_0.20,47,9.1638,9.1638,0,0,0,0
P4,budget_0.05,47,0.99376,9.1638,9.7021,1,8.0426,1
P4,budget_0.10,47,1.6208,9.1638,8.4468,1,7.234,0.97872
P4,risk_0.20,47,7.7697,9.1638,1.0213,0.65957,1.1277,0.53191
P4,plugin_0.20,47,8.6598,9.1638,0.14894,0.14894,0.31915,0.23404
