model,feature,coef_std,z_shift_pm_window_test,logit_shift_pm_window_test,outside_eka_1_99_pm_window_test,z_shift_pm_turn_test,logit_shift_pm_turn_test,outside_eka_1_99_pm_turn_test
P3,mean_logprob,-0.35319,0.88756,-0.31348,0.0038241,0.35103,-0.12398,0.01525
P3,min_seg_logprob,-0.27538,0.6855,-0.18878,0.0057361,0.35925,-0.098932,0.01525
P3,word_p_mean,-0.83925,0.7791,-0.65386,0,0.17192,-0.14428,0.041101
P3,word_p_min,-0.10832,-1.1676,0.12648,0.094646,-0.12445,0.01348,0.023619
P3,word_p_q10,-0.57016,0.10679,-0.060887,0.00095602,-0.034441,0.019637,0.026409
P3,word_frac_low,-0.12632,-0.41902,0.052931,0,0.023269,-0.0029393,0
P3,nsp_max,0.061257,0.13586,0.0083224,0.054493,-0.64198,-0.039325,0.031988
P3,cr_max,0.26105,1.5986,0.41731,0.45793,-0.25231,-0.065865,0.13335
P3,rep3,0.02597,0.37159,0.0096501,0.0057361,-0.039561,-0.0010274,0.0044635
P3,fallback,-0.1541,-0.098568,0.015189,0,-0.1135,0.017489,0
P3,log_words,0.42226,1.6918,0.71437,0.84226,-0.056048,-0.023666,0.021573
P3,log_duration,0.10468,1.8499,0.19365,0.71606,-0.74473,-0.07796,0.244
P3,words_per_s,-0.035064,1.2502,-0.043838,0.11568,1.0312,-0.036158,0.18951
P3,n_segments,-0.21535,3.8211,-0.82286,0.62046,-0.43379,0.093415,0.0057653
P3,empty_hyp,0.0014364,-0.1377,-0.0001978,0,-0.089391,-0.0001284,0.0016738
P3-conf,mean_logprob,-0.32706,0.88756,-0.29029,,0.35103,-0.11481,
P3-conf,min_seg_logprob,-0.22539,0.6855,-0.1545,,0.35925,-0.08097,
P3-conf,word_p_mean,-0.74291,0.7791,-0.5788,,0.17192,-0.12772,
P3-conf,word_p_min,-0.1426,-1.1676,0.16651,,-0.12445,0.017747,
P3-conf,word_p_q10,-0.64098,0.10679,-0.06845,,-0.034441,0.022076,
P3-conf,word_frac_low,-0.12733,-0.41902,0.053355,,0.023269,-0.0029629,
P3-conf,nsp_max,0.058389,0.13586,0.0079328,,-0.64198,-0.037484,
P3-conf,cr_max,0.45738,1.5986,0.73116,,-0.25231,-0.1154,
P3-conf,rep3,0.031926,0.37159,0.011863,,-0.039561,-0.001263,
P3-conf,fallback,-0.15006,-0.098568,0.014791,,-0.1135,0.017031,
P3-conf,empty_hyp,0.0046152,-0.1377,-0.00063552,,-0.089391,-0.00041256,
