set,conf_lo,conf_hi,err_rate,n
eka_test,0,0.5,0.75207,121
eka_test,0.5,0.6,0.48108,185
eka_test,0.6,0.7,0.35586,222
eka_test,0.7,0.8,0.093496,246
eka_test,0.8,0.85,0.024242,165
eka_test,0.85,0.9,0.01087,92
eka_test,0.9,0.95,0,14
eka_test,0.95,1,0,3
pm_window_test,0,0.5,0,1
pm_window_test,0.5,0.6,0.4,5
pm_window_test,0.6,0.7,0.10976,82
pm_window_test,0.7,0.8,0.030043,466
pm_window_test,0.8,0.85,0,334
pm_window_test,0.85,0.9,0,149
pm_window_test,0.9,0.95,0,9
pm_turn_test,0,0.5,0.46207,435
pm_turn_test,0.5,0.6,0.21984,887
pm_turn_test,0.6,0.7,0.090175,1486
pm_turn_test,0.7,0.8,0.024725,1820
pm_turn_test,0.8,0.85,0.011029,544
pm_turn_test,0.85,0.9,0,184
pm_turn_test,0.9,0.95,0,21
