eval,policy,bin,lo,hi,n,mean_p,frac_err
eka_test,P1,0,0,0.066667,4,0.043806,0
eka_test,P1,1,0.066667,0.13333,57,0.10969,0
eka_test,P1,2,0.13333,0.2,213,0.16842,0.023474
eka_test,P1,3,0.2,0.26667,187,0.23054,0.058824
eka_test,P1,4,0.26667,0.33333,113,0.29919,0.28319
eka_test,P1,5,0.33333,0.4,168,0.36822,0.35119
eka_test,P1,6,0.4,0.46667,134,0.43187,0.47015
eka_test,P1,7,0.46667,0.53333,89,0.49808,0.5618
eka_test,P1,8,0.53333,0.6,53,0.56591,0.73585
eka_test,P1,9,0.6,0.66667,28,0.63169,0.92857
eka_test,P1,10,0.66667,0.73333,2,0.67868,1
eka_test,P3,0,0,0.066667,420,0.017605,0.0095238
eka_test,P3,1,0.066667,0.13333,87,0.097268,0.11494
eka_test,P3,2,0.13333,0.2,80,0.16981,0.275
eka_test,P3,3,0.2,0.26667,70,0.23326,0.37143
eka_test,P3,4,0.26667,0.33333,62,0.29769,0.35484
eka_test,P3,5,0.33333,0.4,60,0.362,0.5
eka_test,P3,6,0.4,0.46667,57,0.42837,0.42105
eka_test,P3,7,0.46667,0.53333,44,0.50412,0.52273
eka_test,P3,8,0.53333,0.6,40,0.5646,0.625
eka_test,P3,9,0.6,0.66667,34,0.62578,0.61765
eka_test,P3,10,0.66667,0.73333,18,0.70047,0.77778
eka_test,P3,11,0.73333,0.8,21,0.77149,0.71429
eka_test,P3,12,0.8,0.86667,19,0.83646,0.78947
eka_test,P3,13,0.86667,0.93333,22,0.89639,1
eka_test,P3,14,0.93333,1,14,0.96646,1
eka_test,P3-conf,0,0,0.066667,413,0.02007,0.0072639
eka_test,P3-conf,1,0.066667,0.13333,101,0.097487,0.15842
eka_test,P3-conf,2,0.13333,0.2,78,0.16703,0.23077
eka_test,P3-conf,3,0.2,0.26667,72,0.23083,0.375
eka_test,P3-conf,4,0.26667,0.33333,66,0.29624,0.43939
eka_test,P3-conf,5,0.33333,0.4,61,0.36097,0.39344
eka_test,P3-conf,6,0.4,0.46667,47,0.43358,0.46809
eka_test,P3-conf,7,0.46667,0.53333,46,0.495,0.54348
eka_test,P3-conf,8,0.53333,0.6,46,0.56852,0.58696
eka_test,P3-conf,9,0.6,0.66667,25,0.63508,0.68
eka_test,P3-conf,10,0.66667,0.73333,17,0.69943,0.76471
eka_test,P3-conf,11,0.73333,0.8,20,0.77197,0.65
eka_test,P3-conf,12,0.8,0.86667,18,0.83693,0.83333
eka_test,P3-conf,13,0.86667,0.93333,22,0.89598,1
eka_test,P3-conf,14,0.93333,1,16,0.96763,1
pm_window_test,P1,0,0,0.066667,1,0.059913,0
pm_window_test,P1,1,0.066667,0.13333,85,0.11498,0
pm_window_test,P1,2,0.13333,0.2,406,0.17166,0
pm_window_test,P1,3,0.2,0.26667,379,0.22912,0.01847
pm_window_test,P1,4,0.26667,0.33333,141,0.2934,0.092199
pm_window_test,P1,5,0.33333,0.4,28,0.35827,0.10714
pm_window_test,P1,6,0.4,0.46667,4,0.42195,0.25
pm_window_test,P1,7,0.46667,0.53333,2,0.49173,0.5
pm_window_test,P3,0,0,0.066667,1001,0.014169,0.015984
pm_window_test,P3,1,0.066667,0.13333,34,0.088853,0.17647
pm_window_test,P3,2,0.13333,0.2,5,0.16746,0.2
pm_window_test,P3,3,0.2,0.26667,2,0.23019,0
pm_window_test,P3,4,0.26667,0.33333,2,0.3121,0.5
pm_window_test,P3,6,0.4,0.46667,1,0.4456,1
pm_window_test,P3,8,0.53333,0.6,1,0.58008,0
pm_window_test,P3-conf,0,0,0.066667,987,0.018539,0.014184
pm_window_test,P3-conf,1,0.066667,0.13333,44,0.09002,0.15909
pm_window_test,P3-conf,2,0.13333,0.2,8,0.1521,0.25
pm_window_test,P3-conf,3,0.2,0.26667,2,0.24832,0
pm_window_test,P3-conf,4,0.26667,0.33333,3,0.30515,0.33333
pm_window_test,P3-conf,7,0.46667,0.53333,1,0.49036,1
pm_window_test,P3-conf,9,0.6,0.66667,1,0.62717,0
pm_window_test,P4,0,0,0.066667,986,0.0084766,0.016227
pm_window_test,P4,1,0.066667,0.13333,29,0.096237,0.13793
pm_window_test,P4,2,0.13333,0.2,15,0.16657,0.066667
pm_window_test,P4,3,0.2,0.26667,3,0.22103,0.33333
pm_window_test,P4,4,0.26667,0.33333,4,0.29919,0
pm_window_test,P4,5,0.33333,0.4,1,0.37698,1
pm_window_test,P4,6,0.4,0.46667,1,0.45084,0
pm_window_test,P4,7,0.46667,0.53333,2,0.48251,0
pm_window_test,P4,9,0.6,0.66667,1,0.60743,0
pm_window_test,P4,10,0.66667,0.73333,2,0.71791,0.5
pm_window_test,P4,13,0.86667,0.93333,1,0.87121,1
pm_window_test,P4,14,0.93333,1,1,0.94467,0
pm_window_test,P4-refit,0,0,0.066667,996,0.0062995,0.017068
pm_window_test,P4-refit,1,0.066667,0.13333,26,0.095718,0.038462
pm_window_test,P4-refit,2,0.13333,0.2,4,0.16098,0
pm_window_test,P4-refit,3,0.2,0.26667,3,0.2317,0.33333
pm_window_test,P4-refit,4,0.26667,0.33333,5,0.28778,0.4
pm_window_test,P4-refit,5,0.33333,0.4,4,0.36466,0.25
pm_window_test,P4-refit,6,0.4,0.46667,3,0.42716,0.33333
pm_window_test,P4-refit,8,0.53333,0.6,1,0.55244,1
pm_window_test,P4-refit,9,0.6,0.66667,2,0.61202,0.5
pm_window_test,P4-refit,11,0.73333,0.8,1,0.75873,0
pm_window_test,P4-refit,13,0.86667,0.93333,1,0.9136,0
pm_turn_test,P1,0,0,0.066667,1,0.062958,0
pm_turn_test,P1,1,0.066667,0.13333,110,0.114,0
pm_turn_test,P1,2,0.13333,0.2,638,0.17395,0.0094044
pm_turn_test,P1,3,0.2,0.26667,1175,0.23486,0.01617
pm_turn_test,P1,4,0.26667,0.33333,1231,0.29914,0.044679
pm_turn_test,P1,5,0.33333,0.4,900,0.36565,0.11667
pm_turn_test,P1,6,0.4,0.46667,642,0.43038,0.19626
pm_turn_test,P1,7,0.46667,0.53333,436,0.4965,0.30275
pm_turn_test,P1,8,0.53333,0.6,192,0.56326,0.54167
pm_turn_test,P1,9,0.6,0.66667,50,0.62278,0.64
pm_turn_test,P1,10,0.66667,0.73333,2,0.68046,1
pm_turn_test,P3,0,0,0.066667,2405,0.031789,0.013306
pm_turn_test,P3,1,0.066667,0.13333,887,0.094604,0.052988
pm_turn_test,P3,2,0.13333,0.2,421,0.16413,0.11876
pm_turn_test,P3,3,0.2,0.26667,261,0.23183,0.16475
pm_turn_test,P3,4,0.26667,0.33333,182,0.29783,0.2033
pm_turn_test,P3,5,0.33333,0.4,162,0.36436,0.19753
pm_turn_test,P3,6,0.4,0.46667,151,0.43555,0.21854
pm_turn_test,P3,7,0.46667,0.53333,103,0.49783,0.29126
pm_turn_test,P3,8,0.53333,0.6,126,0.56666,0.19048
pm_turn_test,P3,9,0.6,0.66667,122,0.63165,0.2541
pm_turn_test,P3,10,0.66667,0.73333,110,0.69802,0.37273
pm_turn_test,P3,11,0.73333,0.8,147,0.76735,0.2381
pm_turn_test,P3,12,0.8,0.86667,139,0.83373,0.32374
pm_turn_test,P3,13,0.86667,0.93333,85,0.89837,0.55294
pm_turn_test,P3,14,0.93333,1,76,0.96929,0.71053
pm_turn_test,P3-conf,0,0,0.066667,2157,0.035099,0.01159
pm_turn_test,P3-conf,1,0.066667,0.13333,1064,0.094504,0.045113
pm_turn_test,P3-conf,2,0.13333,0.2,457,0.16432,0.11379
pm_turn_test,P3-conf,3,0.2,0.26667,293,0.23062,0.16724
pm_turn_test,P3-conf,4,0.26667,0.33333,216,0.3007,0.2037
pm_turn_test,P3-conf,5,0.33333,0.4,150,0.36777,0.16
pm_turn_test,P3-conf,6,0.4,0.46667,136,0.43339,0.21324
pm_turn_test,P3-conf,7,0.46667,0.53333,110,0.49683,0.25455
pm_turn_test,P3-conf,8,0.53333,0.6,133,0.56581,0.2406
pm_turn_test,P3-conf,9,0.6,0.66667,120,0.63342,0.25833
pm_turn_test,P3-conf,10,0.66667,0.73333,105,0.70171,0.38095
pm_turn_test,P3-conf,11,0.73333,0.8,142,0.76557,0.26056
pm_turn_test,P3-conf,12,0.8,0.86667,131,0.83356,0.34351
pm_turn_test,P3-conf,13,0.86667,0.93333,86,0.9002,0.51163
pm_turn_test,P3-conf,14,0.93333,1,77,0.97018,0.68831
pm_turn_test,P4,0,0,0.066667,3476,0.031071,0.027906
pm_turn_test,P4,1,0.066667,0.13333,832,0.093447,0.17067
pm_turn_test,P4,2,0.13333,0.2,370,0.16339,0.22703
pm_turn_test,P4,3,0.2,0.26667,241,0.23,0.30705
pm_turn_test,P4,4,0.26667,0.33333,193,0.29958,0.2487
pm_turn_test,P4,5,0.33333,0.4,121,0.36651,0.36364
pm_turn_test,P4,6,0.4,0.46667,45,0.43109,0.57778
pm_turn_test,P4,7,0.46667,0.53333,34,0.49513,0.55882
pm_turn_test,P4,8,0.53333,0.6,13,0.56067,0.76923
pm_turn_test,P4,9,0.6,0.66667,18,0.63033,0.61111
pm_turn_test,P4,10,0.66667,0.73333,14,0.68837,0.78571
pm_turn_test,P4,11,0.73333,0.8,13,0.76321,0.69231
pm_turn_test,P4,12,0.8,0.86667,7,0.81976,0.85714
pm_turn_test,P4-refit,0,0,0.066667,3436,0.026675,0.031432
pm_turn_test,P4-refit,1,0.066667,0.13333,877,0.093613,0.11631
pm_turn_test,P4-refit,2,0.13333,0.2,341,0.16221,0.16716
pm_turn_test,P4-refit,3,0.2,0.26667,171,0.2298,0.18713
pm_turn_test,P4-refit,4,0.26667,0.33333,120,0.30037,0.39167
pm_turn_test,P4-refit,5,0.33333,0.4,88,0.3653,0.38636
pm_turn_test,P4-refit,6,0.4,0.46667,70,0.4341,0.54286
pm_turn_test,P4-refit,7,0.46667,0.53333,64,0.4987,0.4375
pm_turn_test,P4-refit,8,0.53333,0.6,47,0.5649,0.53191
pm_turn_test,P4-refit,9,0.6,0.66667,40,0.63273,0.7
pm_turn_test,P4-refit,10,0.66667,0.73333,36,0.69977,0.58333
pm_turn_test,P4-refit,11,0.73333,0.8,31,0.76797,0.67742
pm_turn_test,P4-refit,12,0.8,0.86667,21,0.83347,0.7619
pm_turn_test,P4-refit,13,0.86667,0.93333,9,0.9058,0.55556
pm_turn_test,P4-refit,14,0.93333,1,26,0.98906,0.73077
