consultation,role,term,type,context,is_medical_term (y/n),type_correct (y/n),checked_by
day1_consultation01,doctor,temperature,diagnostics,you measure your temperature then,,,
day1_consultation01,doctor,diarrhea,clinical_findings,you mentioned tummy pain you mentioned diarrhea you mentioned your vomiting anything else,,,
day1_consultation02,patient,painful,clinical_findings,that last weekend and because super painful and i have to take like,,,
day1_consultation03,doctor,skin rashes,clinical_findings,okay any other funny skin rashes that you may have noticed,,,
day1_consultation04,doctor,fit and well,clinical_findings,of your history are you otherwise fit and well or do you have any other,,,
day1_consultation04,doctor,fever,clinical_findings,had initial fever but now settled i do not,,,
day1_consultation05,doctor,no vomiting,clinical_findings,no vomiting any temperatures or fevers,,,
day1_consultation05,doctor,medical history,diagnostics,me a bit more about your medical history otherwise are you normally fit and,,,
day1_consultation06,doctor,palpitations,clinical_findings,your heartbeat racing at all so palpitations or skipped heartbeat,,,
day1_consultation06,doctor,heart attack,clinical_findings,and when you say a small heart attack did they give you a name,,,
day1_consultation07,doctor,cough,clinical_findings,me a bit more about your cough is it for example are you,,,
day1_consultation07,patient,dry,clinical_findings,and you know it is fairly dry aye,,,
day1_consultation07,patient,pain,clinical_findings,is not <*> it is not pain you know as such,,,
day1_consultation07,patient,metformin,drugs,with me so it is <*> metformin,,,
day1_consultation07,patient,cigarettes,drugs,have been cutting down on the cigarettes and i just got this wee,,,
day1_consultation08,patient,intolerant,clinical_findings,i think i might be lactose intolerant,,,
day1_consultation08,doctor,disease,clinical_findings,a bit more information about the disease but it is something that we,,,
day1_consultation08,doctor,antihistamines,drugs,<*> you can also try antihistamines so you can get things over,,,
day1_consultation09,doctor,pain,clinical_findings,can you describe the <*> the pain to me is it cramping burning,,,
day1_consultation09,doctor,pregnant,clinical_findings,<*> any chance you could be pregnant,,,
day1_consultation10,doctor,back pain,clinical_findings,about so things like fevers and back pain,,,
day1_consultation11,patient,vomited,clinical_findings,some milk and i just completely vomited it,,,
day1_consultation11,doctor,diarrhea,clinical_findings,you been around anyone else with diarrhea for example,,,
day1_consultation11,doctor,eat,clinical_findings,time you had anything solid to eat and which <*> which you kept,,,
day1_consultation11,patient,cancer,clinical_findings,things of like the steps of cancer and all that kind of thing,,,
day1_consultation12,patient,diarrhea,clinical_findings,right so i have been having diarrhea for like let us say past,,,
day1_consultation12,doctor,smoking,clinical_findings,couple of questions with regarding your smoking and alcohol do you do either,,,
day1_consultation13,doctor,headache,clinical_findings,tried anything which has made the headache better,,,
day1_consultation14,patient,nose,clinical_findings,quite a few days and my nose is running and it is just,,,
day1_consultation14,patient,coughing,clinical_findings,mean apart from i mean the coughing is giving me a sore throat,,,
day1_consultation14,doctor,cough,clinical_findings,have had a bit of a cough bit of a runny nose feeling,,,
day2_consultation01,doctor,ears,clinical_findings,got in hearing is that both ears or just the left ear,,,
day2_consultation01,doctor,ear,clinical_findings,to have a look inside your ear,,,
day2_consultation01,doctor,ear,clinical_findings,have a quick look in the ear and figure out,,,
day2_consultation01,doctor,dizziness,clinical_findings,can i just double check the dizziness that you have been getting how,,,
day2_consultation01,doctor,ear,clinical_findings,what we do next if your ear is clear okay so i am,,,
day2_consultation03,doctor,talking,clinical_findings,horses is that what you are talking about yeah all right okay fine,,,
day2_consultation04,doctor,fever,clinical_findings,now just one day with a fever and this slight pain <*> concurrent,,,
day2_consultation05,doctor,talking,clinical_findings,an emergency so we are not talking about waiting one or 2 days,,,
day2_consultation06,doctor,allergies,clinical_findings,right <*> and do you have allergies to any kind of cats or,,,
day2_consultation06,doctor,swelling,clinical_findings,you would have swelling of the lips difficulty breathing you,,,
day2_consultation06,doctor,allergy,clinical_findings,do not think you need any allergy testing i think this is just,,,
day2_consultation08,doctor,diarrhea,clinical_findings,systemic questions have you had any diarrhea,,,
day2_consultation08,doctor,head,clinical_findings,that in the back of your head or the front of the head,,,
day2_consultation08,doctor,malaria,clinical_findings,and did you take malaria preventative medication when you went out,,,
day3_consultation01,doctor,allergy,clinical_findings,<*> point because you had peanut allergy any time you have to ever,,,
day3_consultation02,doctor,rash,clinical_findings,a glass on top of the rash does that rash go away,,,
day3_consultation03,doctor,pains,clinical_findings,yeah okay you get any chest pains with it,,,
day3_consultation03,patient,thyroid,clinical_findings,had too little activity of my thyroid,,,
day3_consultation03,doctor,physical examination,diagnostics,we would need to do a physical examination okay,,,
day3_consultation04,doctor,asthma,clinical_findings,okay but your asthma was pretty under control till now,,,
day3_consultation04,doctor,asthma,clinical_findings,pretty much that you know your asthma is really bad you can use,,,
day3_consultation04,doctor,breathing,clinical_findings,every 2 hourly but if you breathing is getting worse and you have,,,
day3_consultation05,doctor,ear,clinical_findings,okay that is when your middle ear there is something some inflammation going,,,
day3_consultation05,doctor,crystals,diagnostics,there is some imbalances in the crystals there in your middle ear,,,
day3_consultation07,doctor,pains,clinical_findings,there is no temperature no joint pains yeah <*> no fever,,,
day3_consultation07,doctor,cream,drugs,weeks take the medication and the cream,,,
day3_consultation08,doctor,blood pressure,clinical_findings,there is no problems with your blood pressure control at the moment even though,,,
day3_consultation09,doctor,weakness,clinical_findings,you would say this in mind weakness mind <*> so <*> just to,,,
day3_consultation09,doctor,pain,clinical_findings,weakness rather than because of the pain you can not hold it that,,,
day3_consultation09,patient,diabetes,clinical_findings,a great shape she has got diabetes type 2,,,
day3_consultation10,doctor,drinking,clinical_findings,quite a bit yeah you are drinking plenty,,,
day3_consultation10,doctor,bacteria,clinical_findings,your gut flora you know the bacteria in your gut is not you,,,
day4_consultation01,doctor,discomfort,clinical_findings,little bit more about your chest discomfort when it started and how you,,,
day4_consultation01,doctor,eat,clinical_findings,did you have anything to eat or drink this morning,,,
day4_consultation02,doctor,headaches,clinical_findings,so you mentioned your headaches you also mentioned your reduced appetite,,,
day4_consultation04,doctor,hay fever,clinical_findings,and you get hay fever sometimes in the summer,,,
day4_consultation04,doctor,asthma,clinical_findings,you have got a history of asthma and,,,
day4_consultation05,patient,nausea,clinical_findings,then i got a bit of nausea and i vomited and then <*>,,,
day4_consultation06,doctor,headache,clinical_findings,start off <*> like a slight headache and build up to a severe,,,
day4_consultation06,doctor,head,clinical_findings,left side of the head is it <*> behind the eye,,,
day4_consultation06,doctor,migraine,clinical_findings,treatment ladder you can get specific migraine relief medication,,,
day4_consultation07,doctor,lungs,clinical_findings,clots on the legs or the lungs,,,
day4_consultation08,doctor,drug allergies,clinical_findings,cool and any drug allergies are you allergic to any medications,,,
day4_consultation08,patient,allergies,clinical_findings,no i have no medication allergies no,,,
day4_consultation09,patient,eczema,clinical_findings,yeah my mum has eczema and my dad has asthma <*>,,,
day4_consultation09,patient,throat,clinical_findings,have a tube put down my throat,,,
day4_consultation09,doctor,steroids,drugs,just give you a dose of steroids so this is these are tablets,,,
day4_consultation10,doctor,vomiting,clinical_findings,in your lower tummy any actual vomiting,,,
day4_consultation10,doctor,diarrhea,clinical_findings,said you had a bit of diarrhea or a bit of watery did,,,
day5_consultation03,doctor,mood,clinical_findings,<*> and has your mood ever been so low that you,,,
day5_consultation04,doctor,pain,clinical_findings,10 with 10 being the worst pain you have ever had,,,
day5_consultation04,doctor,surgery,clinical_findings,okay and any surgery in the past,,,
day5_consultation05,doctor,pain,clinical_findings,okay and any pain like this in the past,,,
day5_consultation05,doctor,temperature,diagnostics,and cold have you measured your temperature,,,
day5_consultation05,patient,vomiting,clinical_findings,a bit of nausea but not vomiting,,,
day5_consultation05,patient,breast cancer,clinical_findings,<*> actually my mom had the breast cancer but again not so important i,,,
day5_consultation06,doctor,diarrhea,clinical_findings,any episodes of diarrhea or constipation normally,,,
day5_consultation07,patient,throat,clinical_findings,yeah it tends to soothe my throat a bit for when i am,,,
day5_consultation08,doctor,wheezing,clinical_findings,and any problems with wheezing when you were a child or,,,
day5_consultation08,doctor,allergies,clinical_findings,and any allergies to medications,,,
day5_consultation08,doctor,asthma,clinical_findings,had a flare up of your asthma it could be triggered by if,,,
day5_consultation08,doctor,viral infection,clinical_findings,may be you may have a viral infection causing it to get worse,,,
day5_consultation09,doctor,infections,clinical_findings,did you get any infections chest infections diarrhea vomiting anything like,,,
day5_consultation10,patient,pain,clinical_findings,think i only had a <*> pain when i was younger but no,,,
day5_consultation11,doctor,swelling,clinical_findings,are getting any back pains small swelling of your hands feet elbows wrists,,,
day5_consultation11,doctor,asthma,clinical_findings,any problems with your stomach or asthma indigestion acid reflux,,,
day5_consultation12,doctor,vomiting,clinical_findings,symptoms along with that any nausea vomiting tingling numbness weakness anywhere,,,
day5_consultation12,doctor,weakness,clinical_findings,that any nausea vomiting tingling numbness weakness anywhere,,,
day5_consultation12,doctor,asthma,clinical_findings,fine and any stomach problems or asthma at all,,,
