eval,policy,point,target,threshold,feasible,note,review_rate,err_caught,accepted_err_rate,accepted_wer,word_errors_caught,n_accepted_errors,accepted_sub_rate,accepted_del_rate,accepted_ins_rate,accepted_num_err,accepted_neg_err,accepted_ent_err,accepted_term_err,accepted_crit_err_rate,crit_caught,review_rate_lo,review_rate_hi,err_caught_lo,err_caught_hi,accepted_err_rate_lo,accepted_err_rate_hi,accepted_crit_err_rate_lo,accepted_crit_err_rate_hi,pred_accepted_err
eka_test,P1,budget_0.01,0.01,0.6516987456,True,,0.0200381679389,0.03264604811,0.548198636806,0.128595495102,0.0964489259097,563,0.0846072253073,0.00960878517502,0.0343794846197,0.0883116883117,0.045045045045,0.309026662384,0.0789473684211,0.0798442064265,0.0352941176471,0.00611201996264,0.0287932080466,0.00842290370508,0.0567897371715,0.306391055181,0.644043631907,0.0647001535374,0.108468220703,
eka_test,P1,budget_0.05,0.05,0.6131726276,True,,0.0543893129771,0.0927835051546,0.532795156408,0.123417324809,0.136782113108,528,0.0821110693243,0.00965275166103,0.0316535038235,0.0892388451444,0.045045045045,0.301267468313,0.0776218001652,0.079717457114,0.0705882352941,0.0118468688845,0.0739616501412,0.0366520467836,0.112845765633,0.306391055181,0.62815113807,0.0640327248665,0.106614659904,
eka_test,P1,budget_0.10,0.1,0.5820509874,True,,0.0887404580153,0.147766323024,0.519371727749,0.12020927887,0.163963174046,496,0.0801815431165,0.00951840645487,0.030509329299,0.0898123324397,0.045045045045,0.294311081881,0.0738589211618,0.0816753926702,0.0823529411765,0.0161140819964,0.12032071199,0.0466360164808,0.175678494128,0.304797444753,0.611603572381,0.0653885340586,0.107888079617,
eka_test,P1,budget_0.20,0.2,0.5261961235,True,,0.217557251908,0.348797250859,0.462195121951,0.107078274348,0.273125822008,379,0.0719452337897,0.00936450529579,0.0257685352622,0.0892086330935,0.045045045045,0.267721954577,0.0705289672544,0.080487804878,0.223529411765,0.0282526528826,0.306926357321,0.0643567141785,0.423253311933,0.306913026688,0.545543672014,0.0617928999479,0.108974217496,
eka_test,P1,budget_0.30,0.3,0.4834536613,True,,0.325381679389,0.494845360825,0.415841584158,0.096515101228,0.362560280579,294,0.0646531695984,0.00882841022237,0.0230335214072,0.0816326530612,0.045045045045,0.247311827957,0.0641573994867,0.0806223479491,0.329411764706,0.0442358604091,0.440718788153,0.0909820621043,0.584145495743,0.301463623667,0.495902140557,0.055524691358,0.11744295583,
eka_test,P1,risk_0.10,0.1,0.2143077932,True,,0.830152671756,0.95704467354,0.140449438202,0.0498306724722,0.864533099518,25,0.033381712627,0.00370907918078,0.0127398806644,0.0337078651685,0.0377358490566,0.13987284287,0.0396975425331,0.0449438202247,0.905882352941,0.567370689655,0.933080987933,0.822040450272,0.985005911272,0.0965613891168,0.193987816307,0.0209717868339,0.0733633540373,
eka_test,P1,risk_0.20,0.2,0.2592130584,True,,0.698473282443,0.888316151203,0.205696202532,0.0630298562477,0.700131521263,65,0.0417434574272,0.00608182823443,0.0152045705861,0.0550964187328,0.0394736842105,0.172538860104,0.0435280641466,0.0632911392405,0.764705882353,0.275468715536,0.875922991349,0.555330791933,0.95563901097,0.1644028934,0.255690738911,0.0392002063983,0.0892669101603,
eka_test,P1,risk_0.30,0.3,0.3165777357,True,,0.611641221374,0.802405498282,0.282555282555,0.0749547101449,0.56466462078,115,0.0498188405797,0.00717089371981,0.0179649758454,0.0709812108559,0.039603960396,0.198315789474,0.0497131931166,0.0835380835381,0.6,0.125768302633,0.81197999459,0.26887060861,0.908546959027,0.227249934879,0.347612528748,0.0581828133552,0.107451294907,
eka_test,P1,riskcp_0.10,0.1,-inf,False,,1,1,,,1,0,,,,,,,,,1,1,1,1,1,,,,,
eka_test,P1,riskcp_0.20,0.2,0.2249238803,True,,0.795801526718,0.941580756014,0.158878504673,0.0550384459733,0.821131082858,34,0.0370969917712,0.00418184270875,0.0137596114933,0.0652173913043,0.0483870967742,0.151561309977,0.0352,0.0607476635514,0.847058823529,0.480121427613,0.919106160754,0.733518024032,0.979262971276,0.117884615385,0.210539539804,0.0334151472651,0.0919094094094,
eka_test,P1,riskcp_0.30,0.3,0.2848854172,True,,0.645038167939,0.829896907216,0.266129032258,0.0714573106945,0.610697062692,99,0.0475577371852,0.00651806550253,0.0173815080068,0.0662100456621,0.0434782608696,0.191288729232,0.0475227502528,0.0806451612903,0.647058823529,0.16912009197,0.839456947888,0.345579765268,0.930359368955,0.205245311777,0.330733333333,0.0518080727455,0.10885682398,
eka_test,P2,budget_0.01,0.01,1.23236093297,True,,0.0152671755725,0.0120274914089,0.557170542636,0.132812999808,0.0898728627795,575,0.0867506877359,0.00946836414817,0.036593947924,0.0903054448871,0.045871559633,0.315737704918,0.0829805249788,0.0794573643411,0.0352941176471,0.00406126199227,0.0416687375746,0.00130225771771,0.0603762483303,0.309079351848,0.651943712924,0.0650816804639,0.107411508108,
eka_test,P2,budget_0.05,0.05,0.549136317964,True,,0.155534351145,0.185567010309,0.535593220339,0.125163421179,0.20254274441,474,0.08236427441,0.00839468795156,0.0344044588179,0.0987460815047,0.039603960396,0.301764494058,0.0805729632945,0.0813559322034,0.152941176471,0.0665625,0.272564038172,0.0761423425505,0.376306934263,0.297696464793,0.642910909745,0.0649987402016,0.111897426604,
eka_test,P2,budget_0.10,0.1,0.441654457571,True,,0.218511450382,0.264604810997,0.522588522589,0.119824784513,0.256466462078,428,0.0795534831143,0.00826621449767,0.0320050869012,0.0961857379768,0.040404040404,0.293019783501,0.0789473684211,0.0769230769231,0.258823529412,0.116571023337,0.346224677716,0.144171544162,0.454875820866,0.287784768002,0.633891407353,0.0603346001938,0.107011766596,
eka_test,P2,budget_0.20,0.2,0.317888742529,True,,0.323473282443,0.407216494845,0.486600846262,0.107010523195,0.366944322665,345,0.0732177263969,0.00726248703127,0.0265303097673,0.0766283524904,0.0337078651685,0.271639409653,0.0768509840675,0.0719322990127,0.4,0.164090872353,0.450359224353,0.28346708971,0.5610435762,0.26212260866,0.60475365722,0.0588064295486,0.0956271008403,
eka_test,P2,budget_0.30,0.3,0.238063139342,True,,0.439885496183,0.548109965636,0.44804088586,0.0956700055209,0.468215694871,263,0.0657780582065,0.00678286931146,0.023109078003,0.0622317596567,0.0357142857143,0.251078515962,0.0707876370887,0.0698466780239,0.517647058824,0.210528133374,0.57221294448,0.340014582091,0.669212768981,0.25545045045,0.574867122042,0.0541646018696,0.094259040469,
eka_test,P2,risk_0.10,0.1,-inf,False,,1,1,,,1,0,,,,,,,,,1,1,1,1,1,,,,,
eka_test,P2,risk_0.20,0.2,0.0418528904244,True,,0.780534351145,0.896907216495,0.260869565217,0.0676711960178,0.779482683034,60,0.0469527781515,0.00605408314274,0.0146643347235,0.0555555555556,0.02,0.179873217116,0.0565371024735,0.0695652173913,0.811764705882,0.488020093723,0.887520084866,0.66324168659,0.953420007482,0.154032637832,0.37345367821,0.0389406383547,0.0971740166054,
eka_test,P2,risk_0.30,0.3,0.0786326715319,True,,0.68606870229,0.828178694158,0.303951367781,0.0742274288023,0.67777290662,100,0.051807715613,0.0065643304383,0.015855382751,0.062893081761,0.016393442623,0.200114351058,0.0574282147316,0.0729483282675,0.717647058824,0.37062369917,0.819407301836,0.52331800824,0.90578272869,0.195627281779,0.413313304939,0.0476050420168,0.0990874718719,
eka_test,P2,riskcp_0.10,0.1,-inf,False,,1,1,,,1,0,,,,,,,,,1,1,1,1,1,,,,,
eka_test,P2,riskcp_0.20,0.2,-inf,False,,1,1,,,1,0,,,,,,,,,1,1,1,1,1,,,,,
eka_test,P2,riskcp_0.30,0.3,-inf,False,,1,1,,,1,0,,,,,,,,,1,1,1,1,1,,,,,
eka_test,P2,whisper_rule,,1,True,,0.0362595419847,0.0292096219931,0.559405940594,0.132882291119,0.11310828584,565,0.0870336311088,0.00945874934314,0.0363899106674,0.0929577464789,0.0471698113208,0.317599460553,0.0844827586207,0.0792079207921,0.0588235294118,0.0151727586959,0.080461526615,0.00984694647133,0.106401975684,0.305601263763,0.653944468492,0.0649880948086,0.107318258366,
eka_test,P2-rawCR,budget_0.01,0.01,1.23209635417,True,,0.0152671755725,0.0120274914089,0.557170542636,0.132812999808,0.0898728627795,575,0.0867506877359,0.00946836414817,0.036593947924,0.0903054448871,0.045871559633,0.315737704918,0.0829805249788,0.0794573643411,0.0352941176471,0.00406126199227,0.0416687375746,0.00130225771771,0.0603762483303,0.309079351848,0.651943712924,0.0650816804639,0.107411508108,
eka_test,P2-rawCR,budget_0.05,0.05,0.648702595,True,,0.12213740458,0.132302405498,0.548913043478,0.129508196721,0.203419552828,505,0.0856022808268,0.00855310049893,0.0353528153956,0.0948795180723,0.021978021978,0.311143802869,0.0830291970803,0.0782608695652,0.152941176471,0.0458646102666,0.2294097443,0.0434937700195,0.303213166144,0.298913016081,0.650505169173,0.0640845070423,0.104859359193,
eka_test,P2-rawCR,budget_0.10,0.1,0.629251700833,True,,0.155534351145,0.152920962199,0.557062146893,0.133457191516,0.244191144235,493,0.0883263663106,0.00843783867472,0.0366929865304,0.0927672955975,0.025641025641,0.316831683168,0.0836614173228,0.0768361581921,0.2,0.0647401743219,0.2783109757,0.0520398916003,0.334655721502,0.30401426271,0.65617843638,0.0604873593689,0.1091184573,
eka_test,P2-rawCR,budget_0.20,0.2,0.598958333333,True,,0.25858778626,0.216494845361,0.586872586873,0.152415966387,0.363875493205,456,0.0987394957983,0.00945378151261,0.0442226890756,0.0988593155894,0.0192307692308,0.346013548723,0.094839609484,0.0772200772201,0.294117647059,0.123604288733,0.441606449886,0.0870764919622,0.478401456311,0.302407228353,0.674541176801,0.0604461422644,0.116002954992,
eka_test,P2-rawCR,budget_0.30,0.3,0.57035519125,True,,0.400763358779,0.305841924399,0.643312101911,0.214371497198,0.530469092503,404,0.135308246597,0.0114091273018,0.0676541232986,0.112994350282,0.0384615384615,0.453296703297,0.125698324022,0.0732484076433,0.458823529412,0.203561349072,0.717715243719,0.137150668313,0.716549416609,0.321151477833,0.700641103141,0.0551463351088,0.138972222222,
eka_test,P2-rawCR,risk_0.10,0.1,-inf,False,,1,1,,,1,0,,,,,,,,,1,1,1,1,1,,,,,
eka_test,P2-rawCR,risk_0.20,0.2,-inf,False,,1,1,,,1,0,,,,,,,,,1,1,1,1,1,,,,,
eka_test,P2-rawCR,risk_0.30,0.3,-inf,False,,1,1,,,1,0,,,,,,,,,1,1,1,1,1,,,,,
eka_test,P2-rawCR,riskcp_0.10,0.1,-inf,False,,1,1,,,1,0,,,,,,,,,1,1,1,1,1,,,,,
eka_test,P2-rawCR,riskcp_0.20,0.2,-inf,False,,1,1,,,1,0,,,,,,,,,1,1,1,1,1,,,,,
eka_test,P2-rawCR,riskcp_0.30,0.3,-inf,False,,1,1,,,1,0,,,,,,,,,1,1,1,1,1,,,,,
eka_test,P2-rawCR,whisper_rule,,1,True,,0.0343511450382,0.0274914089347,0.559288537549,0.133324610755,0.106532222709,566,0.0871385581578,0.00942038466571,0.0367656679314,0.0937931034483,0.0471698113208,0.317130405632,0.0842648323302,0.0800395256917,0.0470588235294,0.0144430712482,0.0789391818105,0.00768248175182,0.0984468364327,0.306354924358,0.653949289176,0.0655953864091,0.109991483789,
eka_test,P3,budget_0.01,0.01,0.973463112639,True,,0.0171755725191,0.0309278350515,0.547572815534,0.12796149278,0.102586584831,564,0.083578170907,0.0094392698631,0.0349440520098,0.0861618798956,0.045045045045,0.30838419531,0.079012345679,0.078640776699,0.0470588235294,0.00835713840028,0.0275563947359,0.0162384926278,0.0700361048942,0.303196486928,0.644490442288,0.0634942309839,0.105475634383,0.530200198716
eka_test,P3,budget_0.05,0.05,0.94747785408,True,,0.0458015267176,0.0807560137457,0.535,0.121562225292,0.151249451995,535,0.0813763656913,0.00910460881577,0.0310812507849,0.0830039525692,0.045045045045,0.30197859228,0.0769230769231,0.076,0.105882352941,0.0143970267384,0.0623990159674,0.0347016242938,0.100729231975,0.303196486928,0.630153920391,0.0589280853356,0.103696259033,0.517357491077
eka_test,P3,budget_0.10,0.1,0.90189122262,True,,0.117366412214,0.197594501718,0.504864864865,0.112569635653,0.22928540114,467,0.0761349811103,0.0090286226548,0.0274060318883,0.0870786516854,0.045045045045,0.287,0.0725604670559,0.0767567567568,0.164705882353,0.0234514614255,0.162556025278,0.0638331457864,0.237677161624,0.302073485313,0.593461727626,0.0588173763229,0.104077279305,0.484454622209
eka_test,P3,budget_0.20,0.2,0.810360320037,True,,0.24713740458,0.398625429553,0.443599493029,0.0986995665222,0.351161771153,350,0.0674224741581,0.00866955651884,0.0226075358453,0.0801963993453,0.045871559633,0.259115044248,0.0670059372349,0.0709759188847,0.341176470588,0.050491774037,0.335299286701,0.113192061313,0.471601296384,0.299572632397,0.520878955223,0.0526239290086,0.100544514495,0.420287832087
eka_test,P3,budget_0.30,0.3,0.725276671331,True,,0.327290076336,0.518900343643,0.397163120567,0.0906816760475,0.427882507672,280,0.0623306233062,0.00799110555208,0.0203599471892,0.0818505338078,0.0380952380952,0.244684819097,0.0631578947368,0.0666666666667,0.447058823529,0.0787147335423,0.437714550671,0.18813192104,0.602216939028,0.281056063613,0.467262337803,0.0461511511512,0.0947693307342,0.378268858317
eka_test,P3,risk_0.10,0.1,-inf,False,,1,1,,,1,0,,,,,,,,,1,1,1,1,1,,,,,
eka_test,P3,risk_0.20,0.2,0.38082458616,True,,0.61927480916,0.848797250859,0.220551378446,0.0584263065179,0.738272687418,88,0.0416911332942,0.00538265805441,0.0113525151693,0.0462962962963,0.0263157894737,0.173889490791,0.0411428571429,0.0451127819549,0.788235294118,0.32071559241,0.741676079444,0.67130952381,0.887060007907,0.149369581771,0.301614492486,0.0271082502769,0.0681170471701,0.244423917915
eka_test,P3,risk_0.30,0.3,0.485927408408,True,,0.520992366412,0.757731958763,0.280876494024,0.070958607479,0.626479614204,141,0.0493045723328,0.00707920379778,0.0145748313484,0.0654911838791,0.0449438202247,0.198369565217,0.0492462311558,0.0577689243028,0.658823529412,0.215677912956,0.648363052849,0.45646567892,0.821726561492,0.200941219596,0.339198049829,0.0398057577596,0.0792953247641,0.283660598311
eka_test,P3,riskcp_0.10,0.1,-inf,False,,1,1,,,1,0,,,,,,,,,1,1,1,1,1,,,,,
eka_test,P3,riskcp_0.20,0.2,-inf,False,,1,1,,,1,0,,,,,,,,,1,1,1,1,1,,,,,
eka_test,P3,riskcp_0.30,0.3,-inf,False,,1,1,,,1,0,,,,,,,,,1,1,1,1,1,,,,,
eka_test,P3,plugin_0.10,0.1,0.119431210628,True,,0.982824427481,1,0,0.0321782178218,0.994300745287,0,0.019801980198,0.00742574257426,0.0049504950495,0,0,0.05,0.03125,0,1,0.969696969697,0.989940452295,0.998068644704,1,0,0.0645698924731,0,0,0.099821843906
eka_test,P3,plugin_0.20,0.2,0.287653714684,True,,0.746183206107,0.926116838488,0.161654135338,0.0484848484848,0.849188952214,43,0.0342494714588,0.00479210711769,0.00944326990839,0.0547263681592,0.0185185185185,0.146752205293,0.040350877193,0.0413533834586,0.870588235294,0.491766067355,0.83781535615,0.81830375357,0.946818720137,0.102243884182,0.217856765244,0.0184691701798,0.0684466374269,0.199811885844
eka_test,P3,plugin_0.30,0.3,0.543106689007,True,,0.484732824427,0.716494845361,0.305555555556,0.0748100063331,0.585708022797,165,0.0517732742242,0.00688727042432,0.0161494616846,0.0632318501171,0.0416666666667,0.207563386334,0.0520732883317,0.0555555555556,0.647058823529,0.10309365485,0.649763555734,0.255092886631,0.817668823824,0.247485282312,0.342913834528,0.0383981007531,0.0833445945946,0.299682613428
eka_test,P3-conf,budget_0.01,0.01,0.974960512966,True,,0.0143129770992,0.0257731958763,0.548886737657,0.129857169588,0.0872424375274,567,0.0849497910559,0.00966756065615,0.0352398178756,0.0885416666667,0.045045045045,0.309714652132,0.0804597701149,0.0793804453049,0.0352941176471,0.00410920145471,0.0238181504486,0.00745893475948,0.053907162073,0.306391055181,0.64489141577,0.0642114530926,0.108070321152,0.533739506695
eka_test,P3-conf,budget_0.05,0.05,0.942480529147,True,,0.0496183206107,0.085910652921,0.534136546185,0.12144248288,0.152564664621,532,0.0812339008607,0.00910975686373,0.0310988251555,0.0830039525692,0.045045045045,0.301396557324,0.0777502067825,0.0763052208835,0.105882352941,0.0143970267384,0.0705153588175,0.0347016242938,0.10897694162,0.303196486928,0.629275517658,0.0591518859452,0.103710358576,0.517987541482
eka_test,P3-conf,budget_0.10,0.1,0.897510647677,True,,0.125,0.209621993127,0.501635768811,0.111957495839,0.233231039018,460,0.0755985149149,0.00902573294072,0.0273332479836,0.085553997195,0.045045045045,0.285285285285,0.0725604670559,0.0785169029444,0.152941176471,0.0234514614255,0.175904137477,0.0638733427516,0.255611161034,0.302105679696,0.590021112122,0.0603001095836,0.10577350388,0.483442302854
eka_test,P3-conf,budget_0.20,0.2,0.807182258586,True,,0.25,0.400343642612,0.444020356234,0.0991201173177,0.348092941692,349,0.0675243300893,0.00866551126516,0.0229302759632,0.0815660685155,0.045045045045,0.259482453031,0.0671197960918,0.0725190839695,0.329411764706,0.0511093434993,0.340843696217,0.121997686922,0.47422024252,0.29573734271,0.523706524027,0.054132014367,0.101205699863,0.421549546704
eka_test,P3-conf,budget_0.30,0.3,0.729336660846,True,,0.326335877863,0.517182130584,0.398016997167,0.0905163403247,0.430512932924,281,0.0620165842102,0.00801337885862,0.0204863772559,0.0757042253521,0.047619047619,0.242740134028,0.0631578947368,0.0651558073654,0.458823529412,0.0828532304245,0.438145269484,0.185827972951,0.598232628399,0.280652985075,0.467737914131,0.0457989616679,0.0983821840913,0.381957674849
eka_test,P3-conf,risk_0.10,0.1,0.177096428947,True,,0.901717557252,0.984536082474,0.0873786407767,0.0313901345291,0.96010521701,9,0.0220765781304,0.00310451879959,0.00620903759917,0.0491803278689,0,0.0916334661355,0.0190476190476,0.0291262135922,0.964705882353,0.782508445586,0.941183527154,0.974768763035,0.993777304651,0.0166287878788,0.151774891775,0,0.0823774509804,0.142311217319
eka_test,P3-conf,risk_0.20,0.2,0.357706739807,True,,0.654580152672,0.871134020619,0.207182320442,0.056196115093,0.762823323104,75,0.0392645684014,0.00540147501818,0.0115300716734,0.0456026058632,0.0289855072464,0.166955517042,0.0397022332506,0.0469613259669,0.8,0.349969634269,0.775869252936,0.702118327734,0.903004506912,0.140480494884,0.279020875985,0.0289395432414,0.0711145038168,0.232351051277
eka_test,P3-conf,risk_0.30,0.3,0.502355535605,True,,0.516221374046,0.757731958763,0.278106508876,0.0697214438767,0.629110039456,141,0.0483764628317,0.00708752266359,0.0142574583814,0.0608272506083,0.0333333333333,0.196846846847,0.047047047047,0.0532544378698,0.682352941176,0.206681494008,0.650611403703,0.45384351407,0.824639327205,0.20573590597,0.338493589744,0.0353529534981,0.076945754717,0.28769322463
eka_test,P3-conf,riskcp_0.10,0.1,-inf,False,,1,1,,,1,0,,,,,,,,,1,1,1,1,1,,,,,
eka_test,P3-conf,riskcp_0.20,0.2,-inf,False,,1,1,,,1,0,,,,,,,,,1,1,1,1,1,,,,,
eka_test,P3-conf,riskcp_0.30,0.3,-inf,False,,1,1,,,1,0,,,,,,,,,1,1,1,1,1,,,,,
eka_test,P3-conf,plugin_0.10,0.1,0.1101212345,True,,0.986641221374,1,0,0.0203488372093,0.996931170539,0,0.0145348837209,0.00290697674419,0.00290697674419,0,0,0.0384615384615,0.05,0,1,0.970966541387,0.996346421639,1,1,0,0,0,0,0.0995732872916
eka_test,P3-conf,plugin_0.20,0.2,0.293714027682,True,,0.745229007634,0.92439862543,0.164794007491,0.0484433896412,0.847873739588,44,0.0340639396901,0.00446740192657,0.00991204802457,0.047619047619,0.0172413793103,0.14442700157,0.0409836065574,0.0374531835206,0.882352941176,0.484318506135,0.842116237946,0.808111485108,0.953492517514,0.106913267209,0.213569668765,0.0175965073529,0.0643472052224,0.199809788942
eka_test,P3-conf,plugin_0.30,0.3,0.537013977587,True,,0.489503816794,0.723367697595,0.300934579439,0.0736600063432,0.592722490136,161,0.0510624801776,0.0069774817634,0.0156200444022,0.0649651972158,0.031914893617,0.20475161987,0.0514064015519,0.0560747663551,0.647058823529,0.0991550382396,0.65721158038,0.226799851559,0.827522332438,0.253271937706,0.339550815614,0.0359018338035,0.08225483372,0.299715963568
pm_window_test,P1,budget_0.01,0.01,0.6516987456,True,,0,0,0.537284894837,0.11753622154,0,562,0.040482478053,0.0658625365784,0.0111912069089,0.144665461121,0.122146118721,,0.0961446930033,0.28776290631,0,0,0,0,0,0.494420670471,0.586652711837,0.254962542349,0.316255319186,
pm_window_test,P1,budget_0.05,0.05,0.6131726276,True,,0.000956022944551,0,0.537799043062,0.117537899335,0,562,0.0404830559283,0.0658634767465,0.01119136666,0.144665461121,0.122146118721,,0.0961446930033,0.288038277512,0,0,0.00293269493137,0,0,0.495112482965,0.587205019192,0.255214502035,0.316538179789,
pm_window_test,P1,budget_0.10,0.1,0.5820509874,True,,0.000956022944551,0,0.537799043062,0.117537899335,0,562,0.0404830559283,0.0658634767465,0.01119136666,0.144665461121,0.122146118721,,0.0961446930033,0.288038277512,0,0,0.00293269493137,0,0,0.495112482965,0.587205019192,0.255214502035,0.316538179789,
pm_window_test,P1,budget_0.20,0.2,0.5261961235,True,,0.000956022944551,0,0.537799043062,0.117537899335,0,562,0.0404830559283,0.0658634767465,0.01119136666,0.144665461121,0.122146118721,,0.0961446930033,0.288038277512,0,0,0.00293269493137,0,0,0.495112482965,0.587205019192,0.255214502035,0.316538179789,
pm_window_test,P1,budget_0.30,0.3,0.4834536613,True,,0.000956022944551,0,0.537799043062,0.117537899335,0,562,0.0404830559283,0.0658634767465,0.01119136666,0.144665461121,0.122146118721,,0.0961446930033,0.288038277512,0,0,0.00293269493137,0,0,0.495112482965,0.587205019192,0.255214502035,0.316538179789,
pm_window_test,P1,risk_0.10,0.1,0.2143077932,True,,0.725621414914,0.85409252669,0.285714285714,0.0770516992046,0.792931746417,82,0.026075560376,0.0439714389009,0.00700469992769,0.127388535032,0.0694444444444,,0.0639625585023,0.209059233449,0.800664451827,0.686200898588,0.764955903284,0.821357926362,0.887196006755,0.234676130963,0.337063794984,0.164237012987,0.24923204327,
pm_window_test,P1,risk_0.20,0.2,0.2592130584,True,,0.42638623327,0.569395017794,0.403333333333,0.093581339325,0.509351469517,242,0.031618447569,0.0531143591763,0.00884853257974,0.108910891089,0.0845624385447,,0.0721568627451,0.22,0.56146179402,0.384317646535,0.471039816224,0.519646711202,0.608342483157,0.358609687995,0.455963094264,0.182782876298,0.253063955588,
pm_window_test,P1,risk_0.30,0.3,0.3165777357,True,,0.120458891013,0.193950177936,0.492391304348,0.108732296737,0.161768277872,453,0.0372575893631,0.0607779195614,0.0106967878129,0.141393442623,0.115213239975,,0.088654353562,0.276086956522,0.156146179402,0.0922212148685,0.156661891117,0.152359258592,0.24674064925,0.449146395347,0.542684050899,0.245402884228,0.304156348431,
pm_window_test,P1,riskcp_0.10,0.1,-inf,False,,1,1,,,1,0,,,,,,,,,1,1,1,1,1,,,,,
pm_window_test,P1,riskcp_0.20,0.2,0.2249238803,True,,0.647227533461,0.802491103203,0.30081300813,0.0806220951019,0.726135535584,111,0.0277797640329,0.0455130496961,0.0073292813729,0.112244897959,0.072,,0.0620437956204,0.20325203252,0.750830564784,0.599175731167,0.694692394734,0.765584016927,0.841879634789,0.255576527111,0.34995652552,0.16391215253,0.247856937011,
pm_window_test,P1,riskcp_0.30,0.3,0.2848854172,True,,0.25430210325,0.366548042705,0.45641025641,0.101465347975,0.322200631528,356,0.03527016217,0.0561050105447,0.01009017526,0.128019323671,0.107063197026,,0.0782766990291,0.261538461538,0.322259136213,0.210573472438,0.298947779563,0.316750948167,0.41721123045,0.415545028051,0.508501565368,0.22786558769,0.287078601886,
pm_window_test,P2,budget_0.01,0.01,1.23236093297,True,,0.0564053537285,0.0658362989324,0.531914893617,0.11645500395,0.0689822686422,525,0.0406362034393,0.0653521297928,0.0104666707176,0.142578125,0.121506682868,,0.0966280825365,0.283687943262,0.0697674418605,0.0445223264131,0.0705459594307,0.045605630572,0.0854576429909,0.488119984836,0.58052959382,0.253829315267,0.31251174812,
pm_window_test,P2,budget_0.05,0.05,0.549136317964,True,,0.169216061185,0.179715302491,0.530494821634,0.115482989384,0.199417051251,461,0.0404680985249,0.0648540695841,0.0101608212747,0.139269406393,0.122686771761,,0.0951025056948,0.286536248562,0.172757475083,0.143551781655,0.194991612997,0.142081911165,0.223532085561,0.481499445526,0.587848624823,0.258329159818,0.313310386833,
pm_window_test,P2,budget_0.10,0.1,0.441654457571,True,,0.210325047801,0.222419928826,0.529055690073,0.115571011061,0.241195044936,437,0.0402685805187,0.0650919314861,0.0102104990566,0.142168674699,0.120614035088,,0.0953530476765,0.284503631961,0.21926910299,0.176673116891,0.237760979642,0.174445581356,0.278713403732,0.480047828984,0.586497145711,0.254490421011,0.310093614463,
pm_window_test,P2,budget_0.20,0.2,0.317888742529,True,,0.299235181644,0.309608540925,0.529331514325,0.115205511493,0.341996599466,388,0.0398264900381,0.0653213974356,0.0100576240192,0.116959064327,0.118096856415,,0.0953375086987,0.263301500682,0.358803986711,0.263647874735,0.329955520477,0.264497671157,0.354923409269,0.483696746431,0.581496245661,0.230489590312,0.29217628826,
pm_window_test,P2,budget_0.30,0.3,0.238063139342,True,,0.369980879541,0.386120996441,0.523520485584,0.113790450546,0.425188243867,345,0.0389960090398,0.064937250565,0.009857190941,0.122112211221,0.117933723197,,0.0962441314554,0.262518968134,0.425249169435,0.326585279614,0.407760830006,0.329784311433,0.433288445751,0.477839107457,0.571192493947,0.232995268197,0.291865497076,
pm_window_test,P2,risk_0.10,0.1,-inf,False,,1,1,,,1,0,,,,,,,,,1,1,1,1,1,,,,,
pm_window_test,P2,risk_0.20,0.2,0.0418528904244,True,,0.91586998088,0.935943060498,0.409090909091,0.0909844559585,0.94668447899,36,0.0337823834197,0.0487046632124,0.00849740932642,0.0606060606061,0.09,,0.0745341614907,0.147727272727,0.956810631229,0.885113157443,0.94349775955,0.909649253094,0.960586654415,0.306565789474,0.5,0.0644092499028,0.213514705882,
pm_window_test,P2,risk_0.30,0.3,0.0786326715319,True,,0.78776290631,0.836298932384,0.414414414414,0.0950219281373,0.850012144766,92,0.0336231438024,0.0525505885974,0.00884819573748,0.114942528736,0.0842490842491,,0.0744186046512,0.175675675676,0.870431893688,0.74120628095,0.829781771169,0.78804095568,0.878819176319,0.339375625027,0.484401100886,0.129131007242,0.217235697785,
pm_window_test,P2,riskcp_0.10,0.1,-inf,False,,1,1,,,1,0,,,,,,,,,1,1,1,1,1,,,,,
pm_window_test,P2,riskcp_0.20,0.2,-inf,False,,1,1,,,1,0,,,,,,,,,1,1,1,1,1,,,,,
pm_window_test,P2,riskcp_0.30,0.3,-inf,False,,1,1,,,1,0,,,,,,,,,1,1,1,1,1,,,,,
pm_window_test,P2,whisper_rule,,1,True,,0.0803059273423,0.0925266903915,0.530145530146,0.116096676926,0.0975224678164,510,0.0406674270002,0.0649303982377,0.0104988516881,0.144578313253,0.120150187735,,0.0960247805885,0.282744282744,0.0963455149502,0.0653780763765,0.0986797273535,0.0667595737093,0.120330102487,0.485490309911,0.579834651412,0.255703911418,0.307632647393,
pm_window_test,P2-rawCR,budget_0.01,0.01,1.23209635417,True,,0.0564053537285,0.0658362989324,0.531914893617,0.11645500395,0.0689822686422,525,0.0406362034393,0.0653521297928,0.0104666707176,0.142578125,0.121506682868,,0.0966280825365,0.283687943262,0.0697674418605,0.0445223264131,0.0705459594307,0.045605630572,0.0854576429909,0.488119984836,0.58052959382,0.253829315267,0.31251174812,
pm_window_test,P2-rawCR,budget_0.05,0.05,0.648702595,True,,0.624282982792,0.608540925267,0.559796437659,0.128220642364,0.691158610639,220,0.0397317601977,0.0795643624263,0.00892451973983,0.207446808511,0.152542372881,,0.110918544194,0.269720101781,0.647840531561,0.591944816599,0.659911554679,0.569222740107,0.658445197013,0.497436184505,0.61488138122,0.226263482576,0.305483184506,
pm_window_test,P2-rawCR,budget_0.10,0.1,0.629251700833,True,,0.706500956023,0.685053380783,0.57654723127,0.13163892534,0.768520767549,177,0.0406105394019,0.0824642585814,0.00856412735686,0.195945945946,0.148825065274,,0.100250626566,0.260586319218,0.734219269103,0.675488906089,0.739384560257,0.655258288029,0.71767633209,0.510443672513,0.630988412529,0.209997099696,0.310683449204,
pm_window_test,P2-rawCR,budget_0.20,0.2,0.598958333333,True,,0.842256214149,0.814946619217,0.630303030303,0.15554503865,0.880252611125,104,0.0429089761792,0.104432875848,0.0082031866225,0.222222222222,0.175141242938,,0.105590062112,0.242424242424,0.867109634551,0.821006294928,0.860275962136,0.787750095781,0.842029337795,0.570469630108,0.686387383901,0.184935428404,0.30484792716,
pm_window_test,P2-rawCR,budget_0.30,0.3,0.57035519125,True,,0.904397705545,0.889679715302,0.62,0.161229611041,0.937575904785,62,0.0454830614806,0.108845671267,0.0069008782936,0.233333333333,0.175,,0.10447761194,0.21,0.93023255814,0.887158101344,0.918613796085,0.873660398777,0.908636422309,0.525747677861,0.717456521739,0.12896434635,0.28,
pm_window_test,P2-rawCR,risk_0.10,0.1,-inf,False,,1,1,,,1,0,,,,,,,,,1,1,1,1,1,,,,,
pm_window_test,P2-rawCR,risk_0.20,0.2,-inf,False,,1,1,,,1,0,,,,,,,,,1,1,1,1,1,,,,,
pm_window_test,P2-rawCR,risk_0.30,0.3,-inf,False,,1,1,,,1,0,,,,,,,,,1,1,1,1,1,,,,,
pm_window_test,P2-rawCR,riskcp_0.10,0.1,-inf,False,,1,1,,,1,0,,,,,,,,,1,1,1,1,1,,,,,
pm_window_test,P2-rawCR,riskcp_0.20,0.2,-inf,False,,1,1,,,1,0,,,,,,,,,1,1,1,1,1,,,,,
pm_window_test,P2-rawCR,riskcp_0.30,0.3,-inf,False,,1,1,,,1,0,,,,,,,,,1,1,1,1,1,,,,,
pm_window_test,P2-rawCR,whisper_rule,,1,True,,0.0793499043977,0.0907473309609,0.530633437175,0.116098322279,0.0965508865679,511,0.0406554818572,0.0649395239953,0.0105033164261,0.144,0.120150187735,,0.0960247805885,0.282450674974,0.0963455149502,0.0642756223563,0.0977317651581,0.0657336550236,0.118366823853,0.485678611037,0.580294493276,0.255153892875,0.307396181228,
pm_window_test,P3,budget_0.01,0.01,0.973463112639,True,,0.000956022944551,0.0017793594306,0.536842105263,0.117613441536,0.00024289531212,561,0.0405189164476,0.0659218196365,0.0111727054521,0.144927536232,0.122146118721,,0.0963740458015,0.288038277512,0,0,0.00296283986567,0,0.00590757461455,0.493047261757,0.586282943339,0.255472670012,0.316553298384,0.450624164074
pm_window_test,P3,budget_0.05,0.05,0.94747785408,True,,0.000956022944551,0.0017793594306,0.536842105263,0.117613441536,0.00024289531212,561,0.0405189164476,0.0659218196365,0.0111727054521,0.144927536232,0.122146118721,,0.0963740458015,0.288038277512,0,0,0.00296283986567,0,0.00590757461455,0.493047261757,0.586282943339,0.255472670012,0.316553298384,0.450624164074
pm_window_test,P3,budget_0.10,0.1,0.90189122262,True,,0.00669216061185,0.00889679715302,0.536092396535,0.117005240112,0.0102016031091,557,0.0402411887158,0.0656952121169,0.0110688392793,0.143375680581,0.122425629291,,0.0950552088334,0.287776708373,0.00664451827243,0.00265975018211,0.0119964481527,0.00322193628113,0.0169499520307,0.492323978069,0.584891262048,0.256248936097,0.315511535213,0.447911629663
pm_window_test,P3,budget_0.20,0.2,0.810360320037,True,,0.0325047801147,0.0533807829181,0.525691699605,0.114598947771,0.0529511780423,532,0.0392969461835,0.0642212620874,0.0110807394998,0.140740740741,0.116470588235,,0.0924287118977,0.282608695652,0.0498338870432,0.0197310095406,0.0460909134548,0.0339379498152,0.073977600543,0.482642174024,0.576611556951,0.254047512238,0.307787188536,0.437294679251
pm_window_test,P3,budget_0.30,0.3,0.725276671331,True,,0.104206500956,0.172597864769,0.496264674493,0.107936708262,0.169055137236,465,0.0370411270094,0.0602628216252,0.0106327596271,0.137450199203,0.108961960026,,0.0869565217391,0.272145144077,0.152823920266,0.0810465863923,0.130802305507,0.140349299508,0.210193127562,0.456479371731,0.548054148687,0.244368637971,0.295390651911,0.411210798337
pm_window_test,P3,risk_0.10,0.1,-inf,False,,1,1,,,1,0,,,,,,,,,1,1,1,1,1,,,,,
pm_window_test,P3,risk_0.20,0.2,0.38082458616,True,,0.603250478011,0.733096085409,0.361445783133,0.0867795674818,0.694437697352,150,0.030214189632,0.0476666781637,0.00889869968613,0.0947368421053,0.0864361702128,,0.0708382526564,0.240963855422,0.667774086379,0.55986226012,0.651161480786,0.690401785714,0.774315463834,0.312740038046,0.423497497465,0.199882352941,0.277254211783,0.255245504849
pm_window_test,P3,risk_0.30,0.3,0.485927408408,True,,0.409177820268,0.549822064057,0.409385113269,0.0943595521442,0.511780422638,253,0.0317817994038,0.0533295777293,0.00924817501115,0.126623376623,0.0898770104068,,0.0608486789432,0.245954692557,0.495016611296,0.360168365218,0.461232021312,0.49631377551,0.594108475078,0.36541068132,0.456831698664,0.215259002012,0.27660598467,0.314006769347
pm_window_test,P3,riskcp_0.10,0.1,-inf,False,,1,1,,,1,0,,,,,,,,,1,1,1,1,1,,,,,
pm_window_test,P3,riskcp_0.20,0.2,-inf,False,,1,1,,,1,0,,,,,,,,,1,1,1,1,1,,,,,
pm_window_test,P3,riskcp_0.30,0.3,-inf,False,,1,1,,,1,0,,,,,,,,,1,1,1,1,1,,,,,
pm_window_test,P3,plugin_0.10,0.1,0.138989490094,True,,0.959847036329,0.992882562278,0.0952380952381,0.06519524618,0.976682050036,4,0.0237691001698,0.0298811544992,0.011544991511,0,0.030303030303,,0.0119047619048,0.214285714286,0.970099667774,0.939045487574,0.980830136732,0.985332282319,0.99830837776,0.0369883040936,0.162162162162,0.0979319852941,0.368825910931,0.0995806537928
pm_window_test,P3,plugin_0.20,0.2,0.286196933365,True,,0.764818355641,0.859430604982,0.321138211382,0.0826560608681,0.82584406121,79,0.0285895440659,0.0447288028128,0.00933771398928,0.0761904761905,0.0688172043011,,0.0750507099391,0.211382113821,0.827242524917,0.717919425146,0.815559293524,0.826295691352,0.892920998512,0.261572725102,0.405013248848,0.164309405674,0.262021015284,0.19986966252
pm_window_test,P3,plugin_0.30,0.3,0.461147566949,True,,0.456978967495,0.604982206406,0.390845070423,0.0915109232571,0.56351712412,222,0.0314457401843,0.0513571319448,0.00870805112797,0.102189781022,0.0882352941176,,0.0636833046472,0.242957746479,0.541528239203,0.39498190185,0.532464426845,0.534006923176,0.664443999243,0.355978223711,0.443239505818,0.209180754913,0.270371148163,0.299981473961
pm_window_test,P3-conf,budget_0.01,0.01,0.974960512966,True,,0.0019120458891,0.00355871886121,0.536398467433,0.117429119103,0.00303619140151,560,0.0404400194547,0.0659456985094,0.0110434011387,0.144927536232,0.122215876642,,0.0956937799043,0.287356321839,0.00332225913621,0,0.00495262521796,0,0.00945943724936,0.492340926426,0.585531714297,0.255457223729,0.315279453024,0.554956879879
pm_window_test,P3-conf,budget_0.05,0.05,0.942480529147,True,,0.00286806883365,0.00533807829181,0.535953978907,0.117420555397,0.00376487733787,559,0.040409390209,0.0659748067564,0.0110363584311,0.144927536232,0.121714285714,,0.09530651341,0.286673058485,0.00664451827243,0,0.00665721622896,0,0.0126365235703,0.491824411393,0.585522043304,0.254718806622,0.315279453024,0.554567830797
pm_window_test,P3-conf,budget_0.10,0.1,0.897510647677,True,,0.0162523900574,0.0266903914591,0.531584062196,0.116046053013,0.0280544085499,547,0.0399918798214,0.0651499332985,0.0109042398933,0.139705882353,0.12182448037,,0.0937198067633,0.286686103013,0.0199335548173,0.0107666845505,0.0214659128262,0.0164235932285,0.0371225650904,0.486836001085,0.581424032479,0.255078563412,0.315603007722,0.549645716571
pm_window_test,P3-conf,budget_0.20,0.2,0.807182258586,True,,0.074569789675,0.128113879004,0.506198347107,0.110308530506,0.132013602137,490,0.0378910651171,0.0623697735797,0.010047691809,0.134653465347,0.116293532338,,0.0886141164348,0.273760330579,0.119601328904,0.0566808763032,0.0940980572489,0.0994064600754,0.155851648352,0.461952194683,0.557772871927,0.246830360071,0.299164795399,0.530822140357
pm_window_test,P3-conf,budget_0.30,0.3,0.729336660846,True,,0.18068833652,0.282918149466,0.47024504084,0.103580584963,0.278722370658,403,0.0351779828034,0.0591415665277,0.00926103563144,0.136160714286,0.104391648668,,0.0810334703464,0.256709451575,0.269102990033,0.147342238725,0.211182168396,0.239129318167,0.32451298983,0.43100952381,0.520813583826,0.229555149386,0.281515149282,0.500136201144
pm_window_test,P3-conf,risk_0.10,0.1,0.177096428947,True,,0.991395793499,0.998220640569,0.111111111111,0.0604651162791,0.996842360942,1,0.0116279069767,0.046511627907,0.00232558139535,,0.0833333333333,,0,0.111111111111,0.996677740864,0.984845787478,0.995327429427,0.994524541112,1,0,0.375,0,0.363920454545,0.158503729531
pm_window_test,P3-conf,risk_0.20,0.2,0.357706739807,True,,0.849904397706,0.935943060498,0.229299363057,0.0639373513085,0.921666261841,36,0.0189333862014,0.038560666138,0.00644329896907,0.0740740740741,0.0471698113208,,0.037542662116,0.133757961783,0.93023255814,0.822712499504,0.874245745468,0.919515648693,0.950836008751,0.160186057849,0.315865751335,0.0925643631436,0.187547348485,0.290548624408
pm_window_test,P3-conf,risk_0.30,0.3,0.502355535605,True,,0.603250478011,0.775800711744,0.303614457831,0.0790904777547,0.736822929317,126,0.0249644147597,0.046863024198,0.00726303879704,0.109289617486,0.0771558245083,,0.0502035278155,0.2,0.724252491694,0.562668538955,0.649852064403,0.738741876639,0.81087072922,0.260142893673,0.351013506743,0.168722390142,0.229269918699,0.379161483556
pm_window_test,P3-conf,riskcp_0.10,0.1,-inf,False,,1,1,,,1,0,,,,,,,,,1,1,1,1,1,,,,,
pm_window_test,P3-conf,riskcp_0.20,0.2,-inf,False,,1,1,,,1,0,,,,,,,,,1,1,1,1,1,,,,,
pm_window_test,P3-conf,riskcp_0.30,0.3,-inf,False,,1,1,,,1,0,,,,,,,,,1,1,1,1,1,,,,,
pm_window_test,P3-conf,plugin_0.10,0.1,-inf,False,,1,1,,,1,0,,,,,,,,,1,1,1,1,1,,,,,
pm_window_test,P3-conf,plugin_0.20,0.2,0.245796281112,True,,0.972275334608,0.992882562278,0.137931034483,0.0523529411765,0.989191158611,4,0.0158823529412,0.0317647058824,0.00470588235294,0,0.0333333333333,,0,0.103448275862,0.990033222591,0.959225618122,0.983405607081,0.98610745614,0.998291032149,0.0321658986175,0.272853535354,0,0.250201612903,0.198985540984
pm_window_test,P3-conf,plugin_0.30,0.3,0.370895866139,True,,0.828871892925,0.925266903915,0.234636871508,0.0669284467714,0.906849647802,42,0.0191972076789,0.0414485165794,0.00628272251309,0.0625,0.0564516129032,,0.0490797546012,0.156424581006,0.906976744186,0.78646636333,0.863939724914,0.91051420392,0.943529267744,0.165734712189,0.318584088302,0.104541429475,0.195269672856,0.299619573327
pm_window_test,P1-retuned,budget_0.01,0.01,0.3980800571,True,,0.00764818355641,0.0106761565836,0.535645472062,0.117097023248,0.00534369686665,556,0.0404477996054,0.0654542335078,0.0111949901347,0.143636363636,0.122215876642,,0.0961446930033,0.288053949904,0.00664451827243,0.00358879707984,0.0123120702145,0.00341015330202,0.0175164829504,0.49233379312,0.585482894279,0.255504500591,0.316699010887,
pm_window_test,P1-retuned,budget_0.05,0.05,0.3426190023,True,,0.0611854684512,0.101423487544,0.514256619145,0.111953100527,0.0885353412679,505,0.0386055461909,0.06212986858,0.0112176857556,0.137330754352,0.115959354453,,0.0924453280318,0.280040733198,0.0863787375415,0.0435166936024,0.0850684261975,0.0719021366168,0.138981804159,0.472838964458,0.566307806416,0.248607587219,0.30726431403,
pm_window_test,P1-retuned,budget_0.10,0.1,0.3112877252,True,,0.142447418738,0.220640569395,0.488294314381,0.107842348359,0.18617925674,438,0.0367896744291,0.0604631700919,0.0105895038383,0.142857142857,0.11320754717,,0.0876344086022,0.269788182832,0.196013289037,0.114567247571,0.177670784209,0.178126012601,0.276322788354,0.446334452774,0.539317840186,0.238674903875,0.296409502016,
pm_window_test,P1-retuned,budget_0.20,0.2,0.2863647601,True,,0.247609942639,0.355871886121,0.459974587039,0.101991126501,0.313213504979,362,0.0356563142517,0.0562529307795,0.0100818814703,0.128019323671,0.107431935247,,0.0804321728691,0.263024142313,0.312292358804,0.204539264097,0.291110205773,0.308455622348,0.403471358583,0.418283337974,0.509785449739,0.228385078777,0.290336150744,
pm_window_test,P1-retuned,budget_0.30,0.3,0.2659306675,True,,0.376673040153,0.512455516014,0.420245398773,0.0960364874414,0.45530726257,274,0.0324404188347,0.0544527954434,0.00914327316332,0.121661721068,0.0878316559927,,0.0710144927536,0.233128834356,0.495016611296,0.33638768923,0.423742366503,0.46592919392,0.560289334598,0.377354704867,0.467807982234,0.196058360352,0.262522673502,
pm_window_test,P1-retuned,risk_0.10,0.1,-inf,False,,1,1,,,1,0,,,,,,,,,1,1,1,1,1,,,,,
pm_window_test,P1-retuned,risk_0.20,0.2,-inf,False,,1,1,,,1,0,,,,,,,,,1,1,1,1,1,,,,,
pm_window_test,P1-retuned,risk_0.30,0.3,0.2136912153,True,,0.729445506692,0.857651245552,0.282685512367,0.0765458128982,0.797182414379,80,0.0257138928359,0.0437273685658,0.00710455149654,0.128205128205,0.0632653061224,,0.0636942675159,0.204946996466,0.8073089701,0.68971543626,0.767928981547,0.827125166201,0.888912075682,0.232937574671,0.337236318838,0.15971939468,0.250068681319,
pm_window_test,P1-retuned,riskcp_0.10,0.1,-inf,False,,1,1,,,1,0,,,,,,,,,1,1,1,1,1,,,,,
pm_window_test,P1-retuned,riskcp_0.20,0.2,-inf,False,,1,1,,,1,0,,,,,,,,,1,1,1,1,1,,,,,
pm_window_test,P1-retuned,riskcp_0.30,0.3,-inf,False,,1,1,,,1,0,,,,,,,,,1,1,1,1,1,,,,,
pm_window_test,P2-retuned,budget_0.01,0.01,1.60752934706,True,,0.0124282982792,0.017793594306,0.534365924492,0.116877106203,0.0185814913772,552,0.0402076915289,0.0657786262854,0.0108907883889,0.138888888889,0.121894858463,,0.095513748191,0.284607938045,0.0232558139535,0.00708219763232,0.0170884534006,0.00892652233782,0.0274299067,0.490774769189,0.583921658197,0.251561070448,0.312586050725,
pm_window_test,P2-retuned,budget_0.05,0.05,1.29258046083,True,,0.0516252390057,0.0604982206406,0.532258064516,0.116493115904,0.0638814670877,528,0.0406395937552,0.0654102498224,0.0104432723261,0.141472868217,0.121138703816,,0.0968875502008,0.283266129032,0.0664451827243,0.03859806335,0.0666056910569,0.0408753729365,0.0810002568053,0.488245585261,0.580347660031,0.253675929001,0.311223524163,
pm_window_test,P2-retuned,budget_0.10,0.1,0.892946078988,True,,0.0946462715105,0.104982206406,0.531151003168,0.116320766692,0.109667233422,503,0.04061944656,0.0653084539223,0.0103928662097,0.145161290323,0.122059758423,,0.096909376637,0.28722280887,0.0963455149502,0.0767537706554,0.115410174152,0.0749768518519,0.138438945829,0.485490295571,0.578470117345,0.259986083499,0.312731787318,
pm_window_test,P2-retuned,budget_0.20,0.2,0.49840607218,True,,0.185468451243,0.195729537367,0.530516431925,0.115313125536,0.216419723099,452,0.0402666571347,0.064930654847,0.0101158135545,0.139534883721,0.121659634318,,0.0944606413994,0.285211267606,0.1926910299,0.154481843707,0.216447819005,0.147382917644,0.25099569127,0.481581544134,0.585725441582,0.255026943544,0.311971846738,
pm_window_test,P2-retuned,budget_0.30,0.3,0.310136017667,True,,0.303059273423,0.316725978648,0.526748971193,0.114708899718,0.348190429925,384,0.0394545609985,0.0651662819526,0.0100880567667,0.116959064327,0.116638078902,,0.0946704067321,0.262002743484,0.365448504983,0.266579880081,0.336294002874,0.268959134685,0.366681818182,0.479749414399,0.578049213441,0.228332699583,0.290259917921,
pm_window_test,P2-retuned,risk_0.10,0.1,-inf,False,,1,1,,,1,0,,,,,,,,,1,1,1,1,1,,,,,
pm_window_test,P2-retuned,risk_0.20,0.2,-inf,False,,1,1,,,1,0,,,,,,,,,1,1,1,1,1,,,,,
pm_window_test,P2-retuned,risk_0.30,0.3,-inf,False,,1,1,,,1,0,,,,,,,,,1,1,1,1,1,,,,,
pm_window_test,P2-retuned,riskcp_0.10,0.1,-inf,False,,1,1,,,1,0,,,,,,,,,1,1,1,1,1,,,,,
pm_window_test,P2-retuned,riskcp_0.20,0.2,-inf,False,,1,1,,,1,0,,,,,,,,,1,1,1,1,1,,,,,
pm_window_test,P2-retuned,riskcp_0.30,0.3,-inf,False,,1,1,,,1,0,,,,,,,,,1,1,1,1,1,,,,,
pm_window_test,P2-retuned,whisper_rule,,1,True,,0.0803059273423,0.0925266903915,0.530145530146,0.116096676926,0.0975224678164,510,0.0406674270002,0.0649303982377,0.0104988516881,0.144578313253,0.120150187735,,0.0960247805885,0.282744282744,0.0963455149502,0.0653780763765,0.0986797273535,0.0667595737093,0.120330102487,0.485490309911,0.579834651412,0.255703911418,0.307632647393,
pm_window_test,P4,budget_0.01,0.01,0.832775414462,True,P3 score with thresholds re-tuned on PriMock57 recalibration,0.0592734225621,0.0960854092527,0.516260162602,0.112058943427,0.0986154967209,508,0.0385910346806,0.0625217036825,0.0109462050639,0.140684410646,0.114093959732,,0.0905870445344,0.280487804878,0.0830564784053,0.0434771878621,0.0774520059256,0.0727044230455,0.123640232108,0.4725030996,0.569754713662,0.25241924747,0.305825486902,0.535805745904
pm_window_test,P4,budget_0.05,0.05,0.789297491866,True,P3 score with thresholds re-tuned on PriMock57 recalibration,0.109942638623,0.179715302491,0.495166487648,0.107795942361,0.175977653631,461,0.0370493938961,0.0602449835566,0.0105015649079,0.138554216867,0.109811565952,,0.0876536611438,0.272824919441,0.156146179402,0.0850941080196,0.138702336773,0.146993312193,0.219765688542,0.455625596961,0.545656834784,0.244444963223,0.297252449025,0.520267989156
pm_window_test,P4,budget_0.10,0.1,0.747554841388,True,P3 score with thresholds re-tuned on PriMock57 recalibration,0.178776290631,0.284697508897,0.467986030268,0.103515625,0.266213262084,402,0.0357216282895,0.0575486567982,0.0102453399123,0.130151843818,0.104667609618,,0.0817031070196,0.263096623981,0.249169435216,0.147270170185,0.212338184104,0.237699046237,0.329564605952,0.424987691466,0.51620306613,0.234802132009,0.285718353401,0.499658485597
pm_window_test,P4,budget_0.20,0.2,0.690763853382,True,P3 score with thresholds re-tuned on PriMock57 recalibration,0.268642447419,0.409252669039,0.433986928105,0.0980560483794,0.37575904785,332,0.0336709971575,0.0549228333238,0.00946221789809,0.133004926108,0.0982704402516,,0.0680359435173,0.254901960784,0.352159468439,0.224809295881,0.313434549394,0.351074326245,0.462274711349,0.390828768754,0.480330979956,0.219964816543,0.283429210977,0.472728816363
pm_window_test,P4,budget_0.30,0.3,0.630818332502,True,P3 score with thresholds re-tuned on PriMock57 recalibration,0.363288718929,0.503558718861,0.418918918919,0.0952857049708,0.467573475832,279,0.0321024147449,0.0538590275816,0.00932426264427,0.122023809524,0.0897777777778,,0.0641791044776,0.244744744745,0.458471760797,0.318005724241,0.412149899449,0.449589756766,0.548741101951,0.379523675488,0.467929948686,0.216861795691,0.2744706735,0.444942490871
pm_window_test,P4,risk_0.10,0.1,-inf,False,P3 score with thresholds re-tuned on PriMock57 recalibration,1,1,,,1,0,,,,,,,,,1,1,1,1,1,,,,,
pm_window_test,P4,risk_0.20,0.2,0.347139633301,True,P3 score with thresholds re-tuned on PriMock57 recalibration,0.85086042065,0.9128113879,0.314102564103,0.0804250251901,0.893368957979,49,0.0286708802785,0.0415865164422,0.0101676284694,0.0746268656716,0.062893081761,,0.055737704918,0.217948717949,0.887043189369,0.818636910096,0.882781015637,0.889111339265,0.933466647457,0.238402938622,0.410125487396,0.168324829932,0.278164842096,0.264494750077
pm_window_test,P4,risk_0.30,0.3,0.415644206496,True,P3 score with thresholds re-tuned on PriMock57 recalibration,0.757170172084,0.848754448399,0.334645669291,0.0835519339175,0.818192858878,85,0.0289669029413,0.045264274153,0.00932075682313,0.0740740740741,0.0673684210526,,0.0755813953488,0.208661417323,0.823920265781,0.722740737331,0.79707770366,0.823381750241,0.871581795398,0.269641778422,0.407635655678,0.165876145591,0.262733215083,0.310780597043
pm_window_test,P4,riskcp_0.10,0.1,-inf,False,P3 score with thresholds re-tuned on PriMock57 recalibration,1,1,,,1,0,,,,,,,,,1,1,1,1,1,,,,,
pm_window_test,P4,riskcp_0.20,0.2,-inf,False,P3 score with thresholds re-tuned on PriMock57 recalibration,1,1,,,1,0,,,,,,,,,1,1,1,1,1,,,,,
pm_window_test,P4,riskcp_0.30,0.3,-inf,False,P3 score with thresholds re-tuned on PriMock57 recalibration,1,1,,,1,0,,,,,,,,,1,1,1,1,1,,,,,
pm_window_test,P4,plugin_0.10,0.1,0.129705560074,True,,0.992351816444,1,0,0.0618066561014,0.995263541414,0,0.0221870047544,0.0332805071315,0.00633914421553,0,0.0434782608696,,0,0.375,0.990033222591,0.982338776942,1,1,1,0,0,0,0.8075,0.0963517961434
pm_window_test,P4,plugin_0.20,0.2,0.261995790804,True,,0.940726577438,0.982206405694,0.161290322581,0.0680304471931,0.965265970367,10,0.0266412940057,0.0299714557564,0.011417697431,0.04,0.0357142857143,,0.0396825396825,0.209677419355,0.956810631229,0.91587976916,0.965820568353,0.972073934531,0.994527273624,0.0788967611336,0.214345238095,0.12493622449,0.31675,0.199046354454
pm_window_test,P4,plugin_0.30,0.3,0.399010234572,True,,0.782026768642,0.866548042705,0.328947368421,0.0838184663537,0.837381588535,75,0.029358372457,0.0446948356808,0.00976525821596,0.0729166666667,0.0599078341014,,0.0679824561404,0.206140350877,0.843853820598,0.734925638539,0.831244228661,0.837732616289,0.899079078404,0.261441609327,0.414395135251,0.164739709443,0.259444444444,0.299738614643
pm_window_test,P4-refit,budget_0.01,0.01,0.957384985744,True,,0.00764818355641,0.0124555160142,0.534682080925,0.116915672315,0.00874423123634,555,0.040265860681,0.0654624629356,0.0111873486986,0.143375680581,0.12235563179,,0.0956022944551,0.28901734104,0.00332225913621,0.00307207653011,0.0138800045819,0.00528373015873,0.0232273671015,0.490781059038,0.585674022735,0.256522347306,0.316806286183,0.558050911765
pm_window_test,P4-refit,budget_0.05,0.05,0.84597987294,True,,0.0917782026769,0.154804270463,0.5,0.109150216177,0.138450327909,475,0.0374809594879,0.0610681150278,0.0106011416614,0.134122287968,0.110972568579,,0.0872933884298,0.274736842105,0.132890365449,0.0724460429647,0.118332928717,0.121315910535,0.192712053571,0.458321666842,0.553481733418,0.244850845498,0.30232506603,0.526726569346
pm_window_test,P4-refit,budget_0.10,0.1,0.7877661355,True,,0.142447418738,0.23487544484,0.479375696767,0.105473813845,0.209497206704,430,0.0360545760954,0.0590808918849,0.0103383458647,0.132780082988,0.104111405836,,0.0826985854189,0.264214046823,0.212624584718,0.118342146253,0.169166703991,0.199205703752,0.268836196047,0.437069685023,0.52743946824,0.233171513211,0.291175906031,0.509677947093
pm_window_test,P4-refit,budget_0.20,0.2,0.692328357756,True,,0.286806883365,0.434163701068,0.426273458445,0.0975307228456,0.379281029876,318,0.0328982520418,0.0549576368216,0.00967483398214,0.129032258065,0.0945512820513,,0.0667098445596,0.245308310992,0.392026578073,0.245698779757,0.338725354517,0.37935769153,0.483985881113,0.388198915961,0.471716127138,0.211653939513,0.273790307971,0.46391510852
pm_window_test,P4-refit,budget_0.30,0.3,0.62066713439,True,,0.400573613767,0.580071174377,0.37639553429,0.0905062441252,0.508865678892,236,0.0296987601271,0.0519672351282,0.00884024886979,0.135951661631,0.0933081998115,,0.063579277865,0.237639553429,0.504983388704,0.353402358129,0.448369349394,0.527338160288,0.625626429854,0.337598369871,0.418216594704,0.207778749748,0.266786488165,0.427174509601
pm_window_test,P4-refit,risk_0.10,0.1,0.306968965224,True,,0.899617590822,0.982206405694,0.0952380952381,0.0537825810553,0.948627641487,10,0.0184361093452,0.0283534647171,0.00699300699301,0.0217391304348,0.0268456375839,,0.0444444444444,0.142857142857,0.950166112957,0.869346336713,0.927626406591,0.972034721344,0.99262868112,0.0364930325149,0.150583717358,0.0652129727819,0.222222222222,0.242452335475
pm_window_test,P4-refit,risk_0.20,0.2,0.392724399904,True,,0.769598470363,0.91103202847,0.207468879668,0.0684320478798,0.852805440855,50,0.0224719101124,0.037886059511,0.00807407825645,0.102803738318,0.0527638190955,,0.0515873015873,0.182572614108,0.853820598007,0.728471478383,0.81795333816,0.884590909091,0.930569933158,0.158296568627,0.27185483871,0.139051673301,0.232929794521,0.304291628151
pm_window_test,P4-refit,risk_0.30,0.3,0.469527135753,True,,0.63862332696,0.813167259786,0.277777777778,0.0757262539441,0.746417294146,105,0.024879411018,0.042976825155,0.00787001777101,0.109090909091,0.0621118012422,,0.0605670103093,0.195767195767,0.75415282392,0.59607938121,0.687348428321,0.771120375985,0.844481103086,0.236086886305,0.335331200952,0.167468344156,0.227785087719,0.349789463573
pm_window_test,P4-refit,riskcp_0.10,0.1,-inf,False,,1,1,,,1,0,,,,,,,,,1,1,1,1,1,,,,,
pm_window_test,P4-refit,riskcp_0.20,0.2,-inf,False,,1,1,,,1,0,,,,,,,,,1,1,1,1,1,,,,,
pm_window_test,P4-refit,riskcp_0.30,0.3,0.392724399904,True,,0.769598470363,0.91103202847,0.207468879668,0.0684320478798,0.852805440855,50,0.0224719101124,0.037886059511,0.00807407825645,0.102803738318,0.0527638190955,,0.0515873015873,0.182572614108,0.853820598007,0.728471478383,0.81795333816,0.884590909091,0.930569933158,0.158296568627,0.27185483871,0.139051673301,0.232929794521,0.304291628151
pm_window_test,P4-refit,plugin_0.10,0.1,-inf,False,,1,1,,,1,0,,,,,,,,,1,1,1,1,1,,,,,
pm_window_test,P4-refit,plugin_0.20,0.2,0.243755328012,True,,0.954110898662,0.998220640569,0.0208333333333,0.0468085106383,0.97996113675,1,0.0167375886525,0.0232624113475,0.0068085106383,0,0.027027027027,,0.0238095238095,0.145833333333,0.976744186047,0.934789545146,0.975716989301,0.992671269251,1,0,0.0771276595745,0.0570073891626,0.285714285714,0.199753690029
pm_window_test,P4-refit,plugin_0.30,0.3,0.385840013398,True,,0.781070745698,0.916370106762,0.205240174672,0.0678076513088,0.860942433811,47,0.022266966718,0.0374274546962,0.00811322989459,0.104166666667,0.0506666666667,,0.0483193277311,0.170305676856,0.870431893688,0.724558048007,0.838141017216,0.891049544818,0.943460698314,0.15695334022,0.252303704567,0.131858281161,0.226558107977,0.299821146285
pm_turn_test,P1,budget_0.01,0.01,0.6516987456,True,,0.00574819210087,0.0139893873613,0.381201044386,0.114947925559,0.00724993855984,2044,0.0519179329577,0.0474930282852,0.0155369643162,0.127208480565,0.137298499166,,0.130558183538,0.0759045132413,0.0121359223301,0.00386897411337,0.00765356892263,0.00954790504878,0.0186916310313,0.358124146138,0.409909634205,0.0674932908619,0.0868793769002,
pm_turn_test,P1,budget_0.05,0.05,0.6131726276,True,,0.014463193028,0.0323203087313,0.377422389464,0.113786618033,0.0186778078152,2006,0.0511940043315,0.0473754701926,0.0152171435085,0.127659574468,0.133184107443,,0.129734848485,0.0743179680151,0.0412621359223,0.0111706788813,0.0180897020917,0.0239877734666,0.0411232943146,0.354162037829,0.404892651016,0.0665923191546,0.0845564278458,
pm_turn_test,P1,budget_0.10,0.1,0.5820509874,True,,0.0318931948823,0.0670525808008,0.370427121241,0.111686083911,0.0399361022364,1934,0.0496604960332,0.0472875419913,0.0147380458866,0.125,0.127334465195,,0.127790973872,0.072782991764,0.0776699029126,0.0277048518789,0.0364677934386,0.0573846380989,0.0764525991238,0.346803828289,0.398386888528,0.0648822767743,0.0828591170848,
pm_turn_test,P1,budget_0.20,0.2,0.5261961235,True,,0.0836269237901,0.136999517607,0.361999190611,0.108055094829,0.0793806832145,1789,0.0471334823682,0.0470613687171,0.0138602437441,0.108856088561,0.117406542056,,0.124038461538,0.0690004046945,0.172330097087,0.0770109392677,0.0925585026815,0.125530071233,0.152393500185,0.337470814537,0.392907039698,0.0606494263856,0.0796584431927,
pm_turn_test,P1,budget_0.30,0.3,0.4834536613,True,,0.145929909141,0.206946454414,0.356925749023,0.104251738017,0.124723519292,1644,0.04471276985,0.0464398097329,0.013099158434,0.0984555984556,0.111043319097,,0.117876278617,0.0660008684325,0.26213592233,0.135662423066,0.158404039838,0.187940881148,0.229367316274,0.333305280875,0.387828114152,0.0576602135306,0.0769106934026,
pm_turn_test,P1,risk_0.10,0.1,0.2143077932,True,,0.87910254033,0.965750120598,0.108895705521,0.0412851037851,0.933521749816,71,0.0164072039072,0.020757020757,0.00412087912088,0.0727272727273,0.0311284046693,,0.0436137071651,0.0260736196319,0.958737864078,0.862762261111,0.892860225218,0.958310997988,0.97251671938,0.0864563738429,0.133220223507,0.0151263180645,0.0396806577186,
pm_turn_test,P1,risk_0.20,0.2,0.2592130584,True,,0.730020396811,0.867824409069,0.188186813187,0.0597241470336,0.777586630622,274,0.0232297234871,0.0302250379463,0.00626938560021,0.0932642487047,0.0617059891107,,0.0549313358302,0.0384615384615,0.864077669903,0.708008814604,0.750917319212,0.854815524677,0.882296877717,0.16573765602,0.212851899716,0.026721220382,0.0510209260289,
pm_turn_test,P1,risk_0.30,0.3,0.3165777357,True,,0.511403671426,0.657018813314,0.269829222011,0.0784752475248,0.513025313345,711,0.0310891089109,0.0380792079208,0.00930693069307,0.0809968847352,0.085020242915,,0.0744089012517,0.0500948766603,0.679611650485,0.488494215589,0.534664501328,0.63057302931,0.685565627952,0.24453754976,0.300195642075,0.0420746432184,0.0594584480096,
pm_turn_test,P1,riskcp_0.10,0.1,-inf,False,,1,1,,,1,0,,,,,,,,,1,1,1,1,1,,,,,
pm_turn_test,P1,riskcp_0.20,0.2,0.2249238803,True,,0.845911366586,0.947901591896,0.129963898917,0.04617196702,0.903661833374,108,0.0174322732627,0.0239104829211,0.00482921083628,0.0869565217391,0.0341614906832,,0.0508083140878,0.0276774969916,0.944174757282,0.82682365767,0.862115602035,0.939466349622,0.955341535315,0.106875604893,0.156573141245,0.0170608087555,0.0393227418513,
pm_turn_test,P1,riskcp_0.30,0.3,0.2848854172,True,,0.639718153162,0.791123974916,0.222851260937,0.0686397984887,0.665151142787,433,0.0265491183879,0.034282115869,0.00780856423174,0.0871369294606,0.0726329442283,,0.060861423221,0.044776119403,0.788834951456,0.617286516669,0.661388188314,0.76827498626,0.814027620328,0.200580919615,0.251023129894,0.0359990100163,0.0564127144299,
pm_turn_test,P2,budget_0.01,0.01,1.23236093297,True,,0.00370851103282,0.0077182826821,0.382840126559,0.115,0.00798722044728,2057,0.0519800569801,0.0474216524217,0.0155982905983,0.125663716814,0.138888888889,,0.131031220435,0.0761213474781,0.00728155339806,0.00193408539072,0.00568095794373,0.00398872454964,0.0120900013327,0.359284311138,0.411868509945,0.0678712312567,0.0869807650736,
pm_turn_test,P2,budget_0.05,0.05,0.549136317964,True,,0.0324494715372,0.0482392667631,0.378114220008,0.113400121609,0.0374784959449,1973,0.0510901352173,0.0471378521586,0.0151721342329,0.12274368231,0.13321799308,,0.130935251799,0.0737830586432,0.0655339805825,0.0262303352982,0.0406300641788,0.0363810928428,0.0631123522657,0.352697808146,0.408118197725,0.0646053573937,0.0849042693061,
pm_turn_test,P2,budget_0.10,0.1,0.441654457571,True,,0.0502503244947,0.0718765074771,0.375634517766,0.112488669259,0.0545588596707,1924,0.0507178572473,0.0467996140238,0.0149711979882,0.120879120879,0.132119788608,,0.130371801062,0.0730183522062,0.0922330097087,0.0415353178654,0.0641990205978,0.0575012358126,0.0929420887104,0.3502506389,0.404370886199,0.0635967895644,0.0843405619829,
pm_turn_test,P2,budget_0.20,0.2,0.317888742529,True,,0.0851103282032,0.118668596237,0.370287798946,0.109810211975,0.0999016957483,1827,0.0497106707043,0.0457530057266,0.014346535544,0.11641221374,0.124154886294,,0.128268376912,0.0705310093231,0.155339805825,0.0720376302393,0.10715618391,0.0953917589735,0.147920017168,0.345126638807,0.398358075317,0.0610437810942,0.0815912807235,
pm_turn_test,P2,budget_0.30,0.3,0.238063139342,True,,0.132950120527,0.17317896768,0.366552609068,0.107072891689,0.160481690833,1714,0.048333254972,0.0447286347893,0.0140110019277,0.114851485149,0.120734908136,,0.129297075423,0.0690761334474,0.216019417476,0.115748342548,0.157471358186,0.144894496442,0.206332252648,0.340740499725,0.395348067507,0.0604807387892,0.0801085797611,
pm_turn_test,P2,risk_0.10,0.1,-inf,False,,1,1,,,1,0,,,,,,,,,1,1,1,1,1,,,,,
pm_turn_test,P2,risk_0.20,0.2,0.0418528904244,True,,0.63730762099,0.717800289436,0.299079754601,0.0826688597275,0.715900712706,585,0.0401544677656,0.031036578825,0.0114778131369,0.0989583333333,0.101176470588,,0.0996818663839,0.0439672801636,0.791262135922,0.599578632451,0.676592170605,0.678070855358,0.761091735011,0.272516397688,0.331320324865,0.0353974797626,0.0525245332997,
pm_turn_test,P2,risk_0.30,0.3,0.0786326715319,True,,0.43167068422,0.497346840328,0.339967373573,0.0931065555305,0.492135659867,1042,0.0429375985582,0.0385897724713,0.011579184501,0.1,0.10928319624,,0.11048557354,0.0561174551387,0.582524271845,0.398166063894,0.470146514902,0.457911279994,0.541177985084,0.315316081016,0.371152320884,0.0481259936399,0.0673747281481,
pm_turn_test,P2,riskcp_0.10,0.1,-inf,False,,1,1,,,1,0,,,,,,,,,1,1,1,1,1,,,,,
pm_turn_test,P2,riskcp_0.20,0.2,-inf,False,,1,1,,,1,0,,,,,,,,,1,1,1,1,1,,,,,
pm_turn_test,P2,riskcp_0.30,0.3,-inf,False,,1,1,,,1,0,,,,,,,,,1,1,1,1,1,,,,,
pm_turn_test,P2,whisper_rule,,1,True,,0.00648989430744,0.0135069946937,0.381672265771,0.114675369093,0.0111821086262,2045,0.0517870375648,0.0474120731916,0.0154762583367,0.124113475177,0.137527839644,,0.131031220435,0.0754012691303,0.0194174757282,0.00395732898705,0.00895580752317,0.00885845481986,0.0193059528166,0.358401123683,0.410464928328,0.0672254021825,0.0857297088305,
pm_turn_test,P2-rawCR,budget_0.01,0.01,1.23209635417,True,,0.00241053217133,0.00578871201158,0.383085501859,0.11537147737,0.00393217006636,2061,0.0522060916596,0.047438087105,0.0157272986052,0.127208480565,0.138811771238,,0.131031220435,0.0763940520446,0.00242718446602,0.000942015613719,0.0038290016817,0.00232618040866,0.00975287766251,0.359705151505,0.412341636926,0.06818572256,0.0868684553637,
pm_turn_test,P2-rawCR,budget_0.05,0.05,0.648702595,True,,0.0265158538847,0.0361794500724,0.380571428571,0.116335042531,0.0437453919882,1998,0.0524270103,0.0480618300869,0.0158462021437,0.125226860254,0.139766081871,,0.134511536573,0.0752380952381,0.0412621359223,0.0213406920446,0.0339186138056,0.0268249677345,0.0456063715305,0.357187013483,0.410751265502,0.0668604714448,0.085963137669,
pm_turn_test,P2-rawCR,budget_0.10,0.1,0.629251700833,True,,0.033562024847,0.0438977327545,0.380276285495,0.116618477213,0.0632833620054,1982,0.0526565392323,0.0481435586764,0.0158183793045,0.125230202578,0.141661685595,,0.13566084788,0.0746354566385,0.0558252427184,0.0264784328541,0.0423302709976,0.0337784933343,0.0551887021744,0.355614204286,0.410344896849,0.0657785236262,0.0853369139748,
pm_turn_test,P2-rawCR,budget_0.20,0.2,0.598958333333,True,,0.0571110699054,0.0670525808008,0.380334316618,0.119106904342,0.112435487835,1934,0.0537077651172,0.0491235591907,0.016275580034,0.127450980392,0.141604010025,,0.135322322856,0.0733529990167,0.0946601941748,0.0489086528495,0.069165483211,0.0544801457903,0.0845082958812,0.35688576398,0.409384133076,0.0642254968718,0.0853203797721,
pm_turn_test,P2-rawCR,budget_0.30,0.3,0.57035519125,True,,0.0890042647877,0.100820067535,0.379401587625,0.121193366948,0.181862865569,1864,0.0548992482298,0.0496568796986,0.0166372390192,0.128755364807,0.147530040053,,0.140093786635,0.0728679014859,0.131067961165,0.0767826559056,0.104593666727,0.0845970902654,0.12087863077,0.355094624656,0.408872697926,0.0632476870683,0.0837589453188,
pm_turn_test,P2-rawCR,risk_0.10,0.1,-inf,False,,1,1,,,1,0,,,,,,,,,1,1,1,1,1,,,,,
pm_turn_test,P2-rawCR,risk_0.20,0.2,-inf,False,,1,1,,,1,0,,,,,,,,,1,1,1,1,1,,,,,
pm_turn_test,P2-rawCR,risk_0.30,0.3,-inf,False,,1,1,,,1,0,,,,,,,,,1,1,1,1,1,,,,,
pm_turn_test,P2-rawCR,riskcp_0.10,0.1,-inf,False,,1,1,,,1,0,,,,,,,,,1,1,1,1,1,,,,,
pm_turn_test,P2-rawCR,riskcp_0.20,0.2,-inf,False,,1,1,,,1,0,,,,,,,,,1,1,1,1,1,,,,,
pm_turn_test,P2-rawCR,riskcp_0.30,0.3,-inf,False,,1,1,,,1,0,,,,,,,,,1,1,1,1,1,,,,,
pm_turn_test,P2-rawCR,whisper_rule,,1,True,,0.00482106434267,0.0106126386879,0.382150177008,0.115152464197,0.00602113541411,2051,0.0520883751388,0.047419070125,0.0156450189335,0.125663716814,0.137854363535,,0.131031220435,0.0760201229737,0.00970873786408,0.0026379386867,0.00685087229727,0.00617790384633,0.0159830389883,0.358768011202,0.411250888141,0.0677098309958,0.086122393695,
pm_turn_test,P3,budget_0.01,0.01,0.973463112639,True,,0.0142777674764,0.0270139893874,0.379420617005,0.114250299196,0.0146227574343,2017,0.0512908189434,0.0474867498718,0.0154727303813,0.1243339254,0.132624510353,,0.130969267139,0.0733634311512,0.0533980582524,0.0109554520747,0.0174688805513,0.0204664445502,0.034429344248,0.354820841491,0.408374467987,0.0652735226592,0.0833928192381,0.449512417894
pm_turn_test,P3,budget_0.05,0.05,0.94747785408,True,,0.0343037270536,0.0636758321274,0.372695852535,0.111804442409,0.040058982551,1941,0.0495334325624,0.0472578429128,0.0150131669338,0.120503597122,0.127551020408,,0.128986197049,0.0718125960061,0.0922330097087,0.0305524251666,0.0386219301246,0.0556851517002,0.0738993301257,0.348054658097,0.402420382449,0.0634076746373,0.0825737685935,0.43891226264
pm_turn_test,P3,budget_0.10,0.1,0.90189122262,True,,0.0710179862785,0.131210805596,0.359481037924,0.107295701499,0.0911771934136,1801,0.0463361912637,0.0468729599164,0.0140865503184,0.117216117216,0.118436406068,,0.122330097087,0.0684630738523,0.167475728155,0.0633880410195,0.0783795556889,0.11569968812,0.144453238719,0.335546616109,0.389419410249,0.0595087519659,0.0798309416159,0.419612601081
pm_turn_test,P3,budget_0.20,0.2,0.810360320037,True,,0.13332097163,0.238784370478,0.337612323492,0.099656719564,0.186655197837,1578,0.0418410671806,0.0451985907435,0.0126170616399,0.101960784314,0.110062893082,,0.109817813765,0.0624732563115,0.291262135922,0.119953404846,0.147279653152,0.213798925729,0.260020308403,0.31406809936,0.368397194957,0.0524143793153,0.0737753318184,0.388320346022
pm_turn_test,P3,budget_0.30,0.3,0.725276671331,True,,0.198034489153,0.344910757356,0.313988439306,0.0920576754561,0.289997542394,1358,0.0378554927109,0.0427148888712,0.011487293874,0.0941422594142,0.100898410504,,0.10283877879,0.0566473988439,0.405339805825,0.183570879847,0.218322183529,0.319565538191,0.372792236438,0.291532844158,0.341763531708,0.0483488417408,0.0677747880771,0.357806877366
pm_turn_test,P3,risk_0.10,0.1,-inf,False,,1,1,,,1,0,,,,,,,,,1,1,1,1,1,,,,,
pm_turn_test,P3,risk_0.20,0.2,0.38082458616,True,,0.547190802893,0.774240231548,0.191646191646,0.0576199789379,0.764684197592,468,0.0214833759591,0.0294268090868,0.00670979389198,0.0761904761905,0.0753424657534,,0.0497787610619,0.0380835380835,0.77427184466,0.520438731063,0.576252610861,0.750808338269,0.797943848818,0.17104381795,0.21213068217,0.0308765864121,0.0493222721132,0.217235135888
pm_turn_test,P3,risk_0.30,0.3,0.485927408408,True,,0.4236973855,0.650265315967,0.233268983269,0.0699801458942,0.614524453183,725,0.0263011131684,0.0355812345238,0.00809779820198,0.0844594594595,0.0810256410256,,0.0738095238095,0.0444015444015,0.665048543689,0.399274731447,0.449723198745,0.626160764928,0.676225707785,0.209345819695,0.258551297466,0.0364030612245,0.0556887349056,0.263690360248
pm_turn_test,P3,riskcp_0.10,0.1,-inf,False,,1,1,,,1,0,,,,,,,,,1,1,1,1,1,,,,,
pm_turn_test,P3,riskcp_0.20,0.2,-inf,False,,1,1,,,1,0,,,,,,,,,1,1,1,1,1,,,,,
pm_turn_test,P3,riskcp_0.30,0.3,-inf,False,,1,1,,,1,0,,,,,,,,,1,1,1,1,1,,,,,
pm_turn_test,P3,plugin_0.10,0.1,0.147422630496,True,,0.875950305952,0.970091654607,0.0926756352765,0.0280358047627,0.979601867781,62,0.0126667792603,0.0118223273096,0.00354669819287,0,0.034965034965,,0.0308641975309,0.0119581464873,0.980582524272,0.852096127957,0.897347542104,0.96037897736,0.977707560742,0.068371764156,0.114444777911,0.0031032593304,0.0233048654244,0.0999573143812
pm_turn_test,P3,plugin_0.20,0.2,0.341382845927,True,,0.595401446319,0.813796430294,0.17690192484,0.0543901346836,0.805971983288,386,0.0204264407013,0.0277289793669,0.00623471461541,0.0795454545455,0.0799373040752,,0.0477386934673,0.038496791934,0.796116504854,0.556623757446,0.636890428267,0.788735977901,0.839794722725,0.159328981522,0.195871998581,0.0309324615994,0.0494236908391,0.199989951827
pm_turn_test,P3,plugin_0.30,0.3,0.57349271997,True,,0.332097162989,0.534008683068,0.268184342032,0.0791780455665,0.490538215778,966,0.030746901438,0.0390542940626,0.00937685006589,0.0824468085106,0.0964163822526,,0.0817146684528,0.0510827318157,0.553398058252,0.294838408677,0.375859258287,0.495520387339,0.577809479264,0.24892967037,0.289568170421,0.0436549015425,0.0632783513238,0.299999642476
pm_turn_test,P3-conf,budget_0.01,0.01,0.974960512966,True,,0.0165028740961,0.0289435600579,0.379524886878,0.11419533187,0.0152371590071,2013,0.0512411296988,0.0474792670068,0.0154749351649,0.122775800712,0.132212885154,,0.130969267139,0.0731523378582,0.0582524271845,0.0131242628643,0.0193264016072,0.02173367226,0.0354304782063,0.354776124163,0.408601173762,0.0652108576742,0.083072035697,0.457605021304
pm_turn_test,P3-conf,budget_0.05,0.05,0.942480529147,True,,0.0496940478398,0.0950313555234,0.366048780488,0.110239495196,0.0554190218727,1876,0.0485730675462,0.0472536928151,0.0144127348344,0.120503597122,0.122786978869,,0.127324749642,0.0706341463415,0.121359223301,0.0444732742459,0.0550839196166,0.0840911662456,0.105894069787,0.341877044005,0.394832443645,0.0623204050424,0.0809922673487,0.440128614627
pm_turn_test,P3-conf,budget_0.10,0.1,0.897510647677,True,,0.0852957537549,0.150988904969,0.356780863572,0.106215280807,0.102482182354,1760,0.0457638949481,0.0467963819329,0.0136550039264,0.114180478821,0.116224188791,,0.121595330739,0.0677072775188,0.18932038835,0.075726105483,0.0956186937663,0.133151434144,0.166257745221,0.332095189247,0.386849941571,0.059720427158,0.0791164762059,0.421405417563
pm_turn_test,P3-conf,budget_0.20,0.2,0.807182258586,True,,0.147413313555,0.257115291848,0.334928229665,0.0989179902951,0.193413615139,1540,0.0414720154314,0.0452093191477,0.012236655716,0.103515625,0.106274007682,,0.111278952669,0.0611135276207,0.317961165049,0.134524104395,0.164208914421,0.237603216179,0.277341384787,0.311967090727,0.364974929273,0.0524533666365,0.0717356055401,0.39026444293
pm_turn_test,P3-conf,budget_0.30,0.3,0.729336660846,True,,0.206564064528,0.349734684033,0.315026875438,0.0924635845472,0.28237896289,1348,0.0379670677644,0.0434927169094,0.0110037998733,0.0948453608247,0.101439342015,,0.101433882103,0.0567889693854,0.410194174757,0.192537804583,0.227107595575,0.326488115149,0.376176306055,0.291546229503,0.34332635272,0.0485106079563,0.0684815995893,0.362070300248
pm_turn_test,P3-conf,risk_0.10,0.1,0.177096428947,True,,0.837938067866,0.948866377231,0.121281464531,0.0366677054119,0.956623248956,106,0.0125688168692,0.0196322842007,0.00446660434195,0,0.0560747663551,,0.0300751879699,0.0171624713959,0.96359223301,0.81847788462,0.858868043331,0.940451009607,0.957841850378,0.0986918242173,0.144311863084,0.00900724747093,0.0267740601158,0.120435549129
pm_turn_test,P3-conf,risk_0.20,0.2,0.357706739807,True,,0.586315594289,0.793053545586,0.192290452712,0.0593513652096,0.77242565741,429,0.0214075118575,0.0315664658377,0.00637738751442,0.0821256038647,0.0743440233236,,0.055359246172,0.0380995069476,0.793689320388,0.56065378445,0.612279561655,0.772955838353,0.812421471376,0.173781913684,0.211589602958,0.0310519735554,0.0470221445221,0.207006945274
pm_turn_test,P3-conf,risk_0.30,0.3,0.502355535605,True,,0.420916002225,0.634828750603,0.242395132885,0.0728926439209,0.584418776112,757,0.0268120783671,0.03773950902,0.00834105653383,0.084142394822,0.0839920948617,,0.0756880733945,0.0461095100865,0.650485436893,0.398213771427,0.447299512403,0.610316143865,0.661354648099,0.218020535306,0.267773593298,0.0377537955118,0.057071304427,0.269930207284
pm_turn_test,P3-conf,riskcp_0.10,0.1,-inf,False,,1,1,,,1,0,,,,,,,,,1,1,1,1,1,,,,,
pm_turn_test,P3-conf,riskcp_0.20,0.2,-inf,False,,1,1,,,1,0,,,,,,,,,1,1,1,1,1,,,,,
pm_turn_test,P3-conf,riskcp_0.30,0.3,-inf,False,,1,1,,,1,0,,,,,,,,,1,1,1,1,1,,,,,
pm_turn_test,P3-conf,plugin_0.10,0.1,0.139621229696,True,,0.893936584461,0.975397973951,0.0891608391608,0.0282902829028,0.980216269354,51,0.0103672465296,0.0145844315586,0.00333860481462,0,0.0243902439024,,0.025,0.00874125874126,0.98786407767,0.872824014901,0.914735591455,0.967710359668,0.983693240997,0.0602645972182,0.115986963347,0.00153603941082,0.0187403523926,0.0999957227555
pm_turn_test,P3-conf,plugin_0.20,0.2,0.341772702625,True,,0.605785277211,0.809454896286,0.185794920038,0.0579568111926,0.789260260506,395,0.0209523165827,0.030685005576,0.00631948903383,0.0890052356021,0.0744186046512,,0.0513447432763,0.0366886171214,0.81067961165,0.570402134169,0.646174806713,0.783904997921,0.836266649471,0.167321205391,0.203108584097,0.0294787049526,0.0462611618231,0.199943056155
pm_turn_test,P3-conf,plugin_0.30,0.3,0.572734480423,True,,0.34804376043,0.547033285094,0.267064846416,0.0792804796802,0.488203489801,939,0.0302274674027,0.0398210716665,0.00923194061102,0.0854922279793,0.0945017182131,,0.0857519788918,0.0514789533561,0.56067961165,0.313768283168,0.391964388237,0.506831598177,0.592613308869,0.248439369301,0.289082961355,0.0436844977023,0.0606695467409,0.299972404772
pm_turn_test,P1-retuned,budget_0.01,0.01,0.6377668978,True,,0.00760244761728,0.0178485287024,0.380418535127,0.114779762328,0.00897026296387,2036,0.051818117128,0.0474631751227,0.0154984700776,0.127208480565,0.135933147632,,0.130558183538,0.075485799701,0.0194174757282,0.00548698001104,0.0100047711692,0.0125170690253,0.0237521057118,0.357454908071,0.408882802892,0.0672355073153,0.0859371364154,
pm_turn_test,P1-retuned,budget_0.05,0.05,0.5597059589,True,,0.0458001112553,0.0892426435118,0.366886902449,0.11063677387,0.050995330548,1888,0.0489792994771,0.0472315736695,0.0144259007234,0.125,0.124145785877,,0.127973358706,0.0720948309366,0.0995145631068,0.0410203258217,0.0520010657194,0.0802090470677,0.101889760471,0.34246397078,0.396330985904,0.0637375687194,0.0823694893168,
pm_turn_test,P1-retuned,budget_0.10,0.1,0.5209438667,True,,0.0891896903393,0.145200192957,0.360749185668,0.107361121144,0.0868763824035,1772,0.0467384237521,0.0468684533699,0.0137542440222,0.10800744879,0.117233294256,,0.122646064703,0.0686074918567,0.182038834951,0.0826951961014,0.0980576690531,0.133259018523,0.162132895272,0.335422104901,0.391334852894,0.0597947015663,0.0791722695396,
pm_turn_test,P1-retuned,budget_0.20,0.2,0.4546077367,True,,0.188206934916,0.259044862518,0.350845134765,0.101136262497,0.162202015237,1536,0.0428694336488,0.0459103450322,0.0123564838164,0.0961923847695,0.106463878327,,0.114567901235,0.0641845591594,0.317961165049,0.174348460489,0.206273473369,0.237761688128,0.287547786572,0.327329349715,0.380131431272,0.0550992784333,0.0747697509062,
pm_turn_test,P1-retuned,budget_0.30,0.3,0.4022893052,True,,0.278694604116,0.381090207429,0.329820051414,0.0949342463622,0.250430081101,1283,0.0390475449381,0.0444790288693,0.0114076725547,0.0866666666667,0.102618542109,,0.101954569466,0.0596401028278,0.436893203883,0.260275475761,0.302383273556,0.357083737053,0.409496630544,0.306224382765,0.359624822699,0.0508054533981,0.0701886739164,
pm_turn_test,P1-retuned,risk_0.10,0.1,0.2309052554,True,,0.827554236974,0.936324167873,0.141935483871,0.048417522532,0.886458589334,132,0.0183923705722,0.0250995598407,0.00492559211905,0.0761904761905,0.0340909090909,,0.0485829959514,0.0258064516129,0.941747572816,0.809138205496,0.844977141224,0.926852317606,0.94555885696,0.121087932032,0.164336069024,0.0158152950786,0.0361539606331,
pm_turn_test,P1-retuned,risk_0.20,0.2,0.3172262857,True,,0.508807713703,0.653159671973,0.271423178558,0.0790661018619,0.506881297616,719,0.0311299379371,0.038616885036,0.00931927888878,0.0802469135802,0.0858585858586,,0.0742024965326,0.0505851264628,0.674757281553,0.4865071056,0.531228967343,0.627519640444,0.679146793983,0.245933152275,0.302330268199,0.0422863089552,0.0598384854309,
pm_turn_test,P1-retuned,risk_0.30,0.3,0.5282481076,True,,0.0823289449286,0.135552339604,0.362093352192,0.108172799631,0.0781518800688,1792,0.0471796054908,0.0471219287115,0.0138712654285,0.115384615385,0.117406542056,,0.124038461538,0.0693069306931,0.167475728155,0.0762129292705,0.0912476315403,0.124100787913,0.150932800334,0.337800783063,0.393036201028,0.060947327773,0.0797262190594,
pm_turn_test,P1-retuned,riskcp_0.10,0.1,-inf,False,,1,1,,,1,0,,,,,,,,,1,1,1,1,1,,,,,
pm_turn_test,P1-retuned,riskcp_0.20,0.2,0.2826752145,True,,0.648247728537,0.797877472262,0.220875065894,0.0678605331349,0.674981567953,419,0.02609231085,0.0339944069579,0.00777381532699,0.0840336134454,0.0720961281709,,0.0598290598291,0.0432261465472,0.800970873786,0.624530546527,0.669772788687,0.775544487081,0.821041809169,0.197561111394,0.248813003172,0.0342285899051,0.0541551958995,
pm_turn_test,P1-retuned,riskcp_0.30,0.3,0.4210182774,True,,0.242165770443,0.32995658466,0.339858086616,0.09774630336,0.209633816663,1389,0.0404996732672,0.0454082640609,0.0118383660319,0.0854700854701,0.100738750839,,0.106557377049,0.0601908490335,0.402912621359,0.225927883423,0.263854939255,0.306932588606,0.356784144026,0.315485523448,0.369170955817,0.0511035749078,0.0711341726276,
pm_turn_test,P2-retuned,budget_0.01,0.01,0.929191104217,True,,0.00834414982385,0.0168837433671,0.381077038145,0.114554044217,0.0137625952322,2038,0.051767694789,0.0473573783595,0.0154289710689,0.124113475177,0.137757947574,,0.13115530303,0.0755422587883,0.0194174757282,0.00556717234658,0.0109082712882,0.0111742792355,0.0227505376789,0.357337789566,0.410244698008,0.0672900943396,0.0858821091538,
pm_turn_test,P2-retuned,budget_0.05,0.05,0.391901183164,True,,0.0610050064899,0.0844187168355,0.374802527646,0.111925687114,0.0657409682969,1898,0.0504202917752,0.0466516509885,0.0148537443507,0.115456238361,0.129089827484,,0.12925170068,0.0718799368088,0.116504854369,0.0510129488934,0.0781407236626,0.0659989392899,0.109325630407,0.348591098732,0.403952825543,0.0624480750189,0.0833655187408,
pm_turn_test,P2-retuned,budget_0.10,0.1,0.274920080935,True,,0.108659373262,0.145682585625,0.368421052632,0.108034130528,0.131850577537,1771,0.0489326564316,0.0451097926479,0.0139916814484,0.11394891945,0.123737373737,,0.128076343546,0.0701060952777,0.182038834951,0.0943380114689,0.132753901726,0.117300387717,0.180027444679,0.343355334334,0.397002326808,0.0609989410837,0.0803449068747,
pm_turn_test,P2-retuned,budget_0.20,0.2,0.166338800405,True,,0.208232894493,0.253256150507,0.362529274005,0.104387317619,0.243057262227,1548,0.0474318347427,0.043517310332,0.0134381725441,0.117773019272,0.121551081283,,0.123355263158,0.0674473067916,0.300970873786,0.18749912902,0.234623606847,0.223987816115,0.292223363729,0.336910710788,0.391595802401,0.0580105456104,0.0803531958929,
pm_turn_test,P2-retuned,budget_0.30,0.3,0.111706987728,True,,0.325792694233,0.384466956102,0.350935093509,0.0974585334552,0.384123863357,1276,0.0446069185447,0.0403873451689,0.0124642697416,0.105527638191,0.110294117647,,0.116192830655,0.0588558855886,0.480582524272,0.298259695807,0.357572261208,0.347071085119,0.432909039538,0.323757910362,0.380628651877,0.0503326404407,0.070009473056,
pm_turn_test,P2-retuned,risk_0.10,0.1,0.00713000351387,True,,0.960689783052,0.979739507959,0.198113207547,0.0613238157041,0.976775620546,42,0.0314730694354,0.0184944841012,0.0113562621674,0.0869565217391,0.0434782608696,,0.075,0.0188679245283,0.990291262136,0.94253118948,0.977419112296,0.968560704678,0.98911620379,0.151209068511,0.25959888966,0.00434329710145,0.0413658112223,
pm_turn_test,P2-retuned,risk_0.20,0.2,0.0121649572353,True,,0.907287224179,0.949831162566,0.208,0.0602223160265,0.947407225362,104,0.0312368087801,0.0178697059237,0.0111158013226,0.0526315789474,0.0338983050847,,0.0763636363636,0.01,0.98786407767,0.877400643174,0.936303646646,0.933378316823,0.967320261438,0.175194675725,0.248987978753,0.00258126103308,0.0186947291729,
pm_turn_test,P2-retuned,risk_0.30,0.3,0.139758722458,True,,0.258112367884,0.306801736614,0.359160209948,0.10078405458,0.306586384861,1437,0.0463288742834,0.0416316908075,0.0128234894894,0.114678899083,0.114099429503,,0.121683967705,0.0637340664834,0.381067961165,0.235365795746,0.285787221828,0.272433159323,0.351249320184,0.332170665448,0.39029232003,0.0541785460666,0.0764081821591,
pm_turn_test,P2-retuned,riskcp_0.10,0.1,-inf,False,,1,1,,,1,0,,,,,,,,,1,1,1,1,1,,,,,
pm_turn_test,P2-retuned,riskcp_0.20,0.2,-inf,False,,1,1,,,1,0,,,,,,,,,1,1,1,1,1,,,,,
pm_turn_test,P2-retuned,riskcp_0.30,0.3,0.0218128878319,True,,0.814574448359,0.879401833092,0.25,0.0684235810857,0.87748832637,250,0.0341088463386,0.023334019628,0.0109807151191,0.0721649484536,0.0636942675159,,0.0865561694291,0.025,0.93932038835,0.777382456599,0.849288413973,0.855174860882,0.904593637428,0.220312824744,0.286157087634,0.0168032212885,0.036677708575,
pm_turn_test,P2-retuned,whisper_rule,,1,True,,0.00648989430744,0.0135069946937,0.381672265771,0.114675369093,0.0111821086262,2045,0.0517870375648,0.0474120731916,0.0154762583367,0.124113475177,0.137527839644,,0.131031220435,0.0754012691303,0.0194174757282,0.00395732898705,0.00895580752317,0.00885845481986,0.0193059528166,0.358401123683,0.410464928328,0.0672254021825,0.0857297088305,
pm_turn_test,P4,budget_0.01,0.01,0.80999846777,True,P3 score with thresholds re-tuned on PriMock57 recalibration,0.00927127758205,0.0173661360347,0.381246490736,0.11473029341,0.00970754485131,2037,0.0516919835428,0.0474638042225,0.0155745056447,0.1243339254,0.136008918618,,0.130969267139,0.0746771476698,0.0315533980583,0.00658762422402,0.0117039104403,0.0115234759447,0.0233024006106,0.356946712341,0.410213039011,0.0662551924962,0.0849641173601,0.33604512001
pm_turn_test,P4,budget_0.05,0.05,0.675991446222,True,P3 score with thresholds re-tuned on PriMock57 recalibration,0.0530317077693,0.100337674867,0.365185040141,0.109632400547,0.0636520029491,1865,0.047895834832,0.0472052370333,0.0145313286814,0.11839708561,0.122776821572,,0.123557692308,0.0704914822792,0.126213592233,0.0476943255621,0.0583819681179,0.0884689957418,0.111991055774,0.340841248915,0.39320279488,0.0614584669964,0.0816985882726,0.3178184733
pm_turn_test,P4,budget_0.10,0.1,0.576758194389,True,P3 score with thresholds re-tuned on PriMock57 recalibration,0.100500648989,0.181379643029,0.349824778396,0.103981161233,0.131850577537,1697,0.0443299727721,0.0461696960777,0.0134814923835,0.109848484848,0.114061557031,,0.117125984252,0.0657596371882,0.22572815534,0.0898600204663,0.111801290194,0.161825604503,0.198276361079,0.325906228444,0.381085764881,0.0570508666306,0.0769089953879,0.301591333564
pm_turn_test,P4,budget_0.20,0.2,0.437961633552,True,P3 score with thresholds re-tuned on PriMock57 recalibration,0.238271833859,0.406657018813,0.299415774099,0.0881121214649,0.351069058737,1230,0.0353049136565,0.0419120714107,0.0108951363978,0.0865603644647,0.0964467005076,,0.0998871331828,0.0533106134372,0.468446601942,0.220947534716,0.258161202369,0.381607919077,0.436591727358,0.276724973185,0.329114729243,0.0451540859294,0.0641590221777,0.265855622056
pm_turn_test,P4,budget_0.30,0.3,0.371759547626,True,P3 score with thresholds re-tuned on PriMock57 recalibration,0.35026886705,0.559093101785,0.260844748858,0.0776465056134,0.513025313345,914,0.0296635905876,0.0389114206783,0.00907149434746,0.0840336134454,0.0962379702537,,0.0792011019284,0.0513698630137,0.563106796117,0.328350619429,0.375778431178,0.535653128847,0.587254353516,0.236587290371,0.285886509732,0.0427347384411,0.0628461266805,0.242226538515
pm_turn_test,P4,risk_0.10,0.1,0.191838452105,True,P3 score with thresholds re-tuned on PriMock57 recalibration,0.822362321528,0.947901591896,0.112734864301,0.0338948021081,0.95969525682,108,0.0132272398471,0.0165340498088,0.00413351245221,0.0217391304348,0.0495495495495,,0.0300751879699,0.0167014613779,0.961165048544,0.799336114151,0.847200645099,0.938162756146,0.959274661368,0.0887116468739,0.137804953427,0.0089395837556,0.0272028895292,0.150412615064
pm_turn_test,P4,risk_0.20,0.2,0.320964991671,True,P3 score with thresholds re-tuned on PriMock57 recalibration,0.46671611348,0.68644476604,0.226008344924,0.0668591845725,0.664290980585,650,0.0249620674465,0.0342861338163,0.00761098330968,0.0848708487085,0.0806270996641,,0.0669045495094,0.0427677329624,0.70145631068,0.442598414713,0.493861371405,0.65993676262,0.711702551002,0.202756114635,0.248911725318,0.0334790564903,0.0553639655579,0.219803756624
pm_turn_test,P4,risk_0.30,0.3,0.655946206039,True,P3 score with thresholds re-tuned on PriMock57 recalibration,0.0615612831448,0.116256632899,0.361983797668,0.108440001156,0.0776603588105,1832,0.0469242104655,0.0471842584299,0.0143315322604,0.11839708561,0.119930475087,,0.122823984526,0.0689587038135,0.152912621359,0.0551858306557,0.0675111307638,0.10325531117,0.128893148059,0.337503595887,0.391326197204,0.0601401879252,0.0802534891269,0.314656445032
pm_turn_test,P4,riskcp_0.10,0.1,0.110950113499,True,P3 score with thresholds re-tuned on PriMock57 recalibration,0.980530317078,0.999517607332,0.00952380952381,0.00351493848858,0.999754239371,1,0.00175746924429,0.00175746924429,0,0,0,,0,0,1,0.975115839206,0.985189475852,0.998540110431,1,0,0.0288675742574,0,0,0.0975394552588
pm_turn_test,P4,riskcp_0.20,0.2,0.266931188754,True,P3 score with thresholds re-tuned on PriMock57 recalibration,0.603560170592,0.818137964303,0.176333021515,0.0538021605592,0.81273040059,377,0.0201581585822,0.0275718421238,0.00607215985314,0.0760233918129,0.0771704180064,,0.0462130937099,0.0378858746492,0.803398058252,0.577263095699,0.634383046728,0.794819607775,0.839972041374,0.157691233485,0.196062678063,0.0301658249334,0.049502987977,0.194319447782
pm_turn_test,P4,riskcp_0.30,0.3,0.495970422902,True,P3 score with thresholds re-tuned on PriMock57 recalibration,0.16836640089,0.299565846599,0.323745819398,0.0950976435158,0.247235192922,1452,0.0396938743829,0.0434816355677,0.0119221335652,0.0933062880325,0.104743083004,,0.105509355509,0.0590858416945,0.356796116505,0.153513018005,0.18667811466,0.273597295963,0.326116130792,0.30064681302,0.352568551101,0.0502495895304,0.0691044123273,0.282638260501
pm_turn_test,P4,plugin_0.10,0.1,0.114873314124,True,,0.976821806045,0.998552821997,0.024,0.00568990042674,0.999508478742,3,0.00284495021337,0.00142247510669,0.00142247510669,0,0,,0,0,1,0.969735333788,0.983286341433,0.996966237708,1,0,0.0500657894737,0,0,0.0999651558994
pm_turn_test,P4,plugin_0.20,0.2,0.279126395292,True,,0.572779529019,0.799324650265,0.180555555556,0.0554478480031,0.789137380192,416,0.0206475378054,0.0283378570505,0.00646245314721,0.0725388601036,0.0782865583456,,0.0506478209658,0.0373263888889,0.791262135922,0.531902852028,0.616161165354,0.768406054134,0.828447617287,0.164064559053,0.198847058412,0.0309218673512,0.048736074102,0.19996660806
pm_turn_test,P4,plugin_0.30,0.3,0.569841790019,True,,0.105877989987,0.191027496382,0.347781003733,0.103250110799,0.141189481445,1677,0.0439208154823,0.04600384104,0.0133254542769,0.106666666667,0.114684466019,,0.11709486166,0.0657403566985,0.230582524272,0.0801303675484,0.141099150936,0.149904874711,0.24243239221,0.328463070571,0.371208259649,0.0576736367742,0.0752243455474,0.299954242292
pm_turn_test,P4-refit,budget_0.01,0.01,0.856477466911,True,,0.0126089375116,0.0299083453932,0.37765258216,0.113606132986,0.0239616613419,2011,0.0508746084643,0.0472989401719,0.01543258435,0.12343470483,0.136058230683,,0.128291048348,0.075117370892,0.0291262135922,0.00936995900784,0.0155992639447,0.0224466112826,0.0366579012204,0.354186596014,0.40780045248,0.0670424510221,0.0860129130719,0.360596764507
pm_turn_test,P4-refit,budget_0.05,0.05,0.721703879676,True,,0.0643426664194,0.138929088278,0.353745541023,0.104757616689,0.142295404276,1785,0.0450847966382,0.0460753414378,0.0135974786132,0.115969581749,0.128917800118,,0.11684370258,0.0705509314308,0.135922330097,0.054684428456,0.0731040962462,0.122798497695,0.15456581412,0.330252553959,0.383359812633,0.0616797847301,0.0811323274058,0.337479549966
pm_turn_test,P4-refit,budget_0.10,0.1,0.617014774203,True,,0.145559058038,0.29522431259,0.317057291667,0.0939790271384,0.305111821086,1461,0.038605354561,0.0435245043458,0.0118491682316,0.105032822757,0.118543046358,,0.101936218679,0.0620659722222,0.305825242718,0.130888751971,0.164379748531,0.270419844762,0.32828929086,0.293223826499,0.343503620212,0.053360116065,0.0734643487547,0.305914356307
pm_turn_test,P4-refit,budget_0.20,0.2,0.49693811123,True,,0.272575560912,0.494452484322,0.26714249299,0.0818357527656,0.510936347997,1048,0.0317267755068,0.0406094501789,0.00949952707982,0.10888252149,0.112582781457,,0.0857142857143,0.0558246240122,0.468446601942,0.252427872767,0.296897859151,0.4690255906,0.524634521769,0.241365214983,0.290543418354,0.0451327626366,0.0671676864178,0.26286099844
pm_turn_test,P4-refit,budget_0.30,0.3,0.406117712231,True,,0.4010754682,0.65171249397,0.223529411765,0.0708869735981,0.680634062423,722,0.0275201832861,0.0351571023347,0.00820968797731,0.107692307692,0.104625550661,,0.0626262626263,0.0473684210526,0.628640776699,0.377193045807,0.42633523726,0.628762368726,0.675561269701,0.203742943653,0.244198005204,0.0394870435162,0.0577634815811,0.222538571778
pm_turn_test,P4-refit,risk_0.10,0.1,0.180777190578,True,,0.778045614686,0.930535455861,0.12030075188,0.0411184210526,0.960063897764,144,0.0185981781377,0.0183451417004,0.00417510121457,0.0434782608696,0.0760456273764,,0.0392156862745,0.0233918128655,0.932038834951,0.754271204971,0.800943979769,0.917206429004,0.944288799988,0.0973687060649,0.145929907375,0.0152485073993,0.0347972288684,0.111376207481
pm_turn_test,P4-refit,risk_0.20,0.2,0.386761807861,True,,0.425737066568,0.681620839363,0.213109460768,0.0676641487507,0.713811747358,660,0.0265252760023,0.0330621731551,0.00807669959326,0.112970711297,0.103608847497,,0.0576086956522,0.0468195027446,0.648058252427,0.40182042099,0.45368625498,0.65719693665,0.707106952934,0.192549743239,0.233084980599,0.0388641634705,0.0578311150315,0.215078107113
pm_turn_test,P4-refit,risk_0.30,0.3,0.740807296721,True,,0.0558130910439,0.123010130246,0.357030636292,0.106210313928,0.120299827968,1818,0.0460210076553,0.0463473977805,0.0138419084921,0.117202268431,0.129466900996,,0.11944027986,0.0706991358995,0.126213592233,0.0477520535258,0.0641319930711,0.108989801913,0.138130760678,0.334397423419,0.386949260776,0.0624316084153,0.0808075061607,0.341029726819
pm_turn_test,P4-refit,riskcp_0.10,0.1,0.100211714136,True,,0.909512330799,0.986010612639,0.0594262295082,0.0235767682576,0.994961907102,29,0.0155261644623,0.00517538815411,0.00287521564117,0,0.021978021978,,0,0.00819672131148,0.990291262136,0.896893941317,0.923048413013,0.980022636057,0.99069095722,0.0398352975046,0.0862233343074,0.00189393939394,0.0167149593262,0.0642214570932
pm_turn_test,P4-refit,riskcp_0.20,0.2,0.324025801985,True,,0.524939736696,0.76989869754,0.186182669789,0.0592612584824,0.8111329565,477,0.0237122146823,0.029071560765,0.00647748303516,0.104651162791,0.101492537313,,0.0562770562771,0.0413739266198,0.742718446602,0.497131500098,0.555271236905,0.747187092157,0.793265987039,0.164934765247,0.205790806521,0.0331728203257,0.051884092825,0.186250933492
pm_turn_test,P4-refit,riskcp_0.30,0.3,0.645718121194,True,,0.121453736325,0.247467438495,0.329252849304,0.0972392242768,0.258171540919,1560,0.0408478835127,0.043956574963,0.0124347658012,0.108050847458,0.117382937781,,0.108182317408,0.0624736175602,0.281553398058,0.108091214092,0.136546648914,0.226870425057,0.269965963618,0.306186285741,0.355649498362,0.0541548726243,0.073510451791,0.314874038721
pm_turn_test,P4-refit,plugin_0.10,0.1,0.161383921286,True,,0.813461895049,0.949831162566,0.10337972167,0.034034034034,0.974932415827,104,0.0165165165165,0.0136803470137,0.00383717050384,0.0333333333333,0.0591133004926,,0.0254777070064,0.0168986083499,0.958737864078,0.789670204644,0.83658637765,0.937694528082,0.961914111037,0.0787843082606,0.134538814321,0.00778942992029,0.0277832213513,0.0999409707775
pm_turn_test,P4-refit,plugin_0.20,0.2,0.35058272092,True,,0.477285369924,0.732272069465,0.196878325647,0.0634698634699,0.765790120423,555,0.025308025308,0.0308025308025,0.00735930735931,0.12077294686,0.0994764397906,,0.0541871921182,0.043987229514,0.699029126214,0.440061516862,0.517455799373,0.699945786664,0.761694092568,0.178286231838,0.214864608057,0.036618813197,0.0542349745606,0.199956435421
pm_turn_test,P4-refit,plugin_0.30,0.3,0.597337872933,True,,0.162061932134,0.323203087313,0.31046691746,0.0926373476751,0.331162447776,1403,0.0377152971611,0.0433487643815,0.0115732861325,0.108843537415,0.118609406953,,0.10053222945,0.0612967470679,0.327669902913,0.127604257457,0.201624764451,0.269535556579,0.384249669285,0.291835258666,0.332182276383,0.0534048568739,0.0717526522149,0.299996261734
